invoice_number,on_portal,portal_ticket_ids,portal_status,portal_category,portal_created,in_claimclear_group,group_status,group_outcome,group_id,we_submitted,submission_status,submitted_at,our_portal_ticket_id,submission_method,match_quality
1751261260,no,,,,,yes,Resolved,No Action Needed,107,no,,,,,group_only_never_submitted
1752987570,no,,,,,yes,Resolved,No Action Needed,68,no,,,,,group_only_never_submitted
1756282680,yes,88375,Closed,GPS Control Deviation,2026-05-09 16:11:52,yes,Ready to Review,Pending,509,yes,submitted,2026-05-09T20:11:59.308Z,88375,freshdesk,matched
1760861150,no,,,,,yes,Resolved,No Action Needed,133,yes,submitted,2026-04-28T21:19:09.316Z,84981,freshdesk,submitted_matched_by_ticket_id_only
1761493290,no,,,,,yes,Expired,Pending,260,no,,,,,group_only_never_submitted
1761763390,no,,,,,yes,Resolved,Approved,297,yes,submitted,2026-05-05T12:03:19.584Z,AAMkAGFhMzgwZGJjLTNkNjktNDlhYS1hM2I4LTE3MmI4YTlkNzhmMgBGAAAAAAAUhYVsiS-zQLf1GEtAsll-BwBVKgS5MpITR5VyLl_UBcCwAAAAAAEPAABVKgS5MpITR5VyLl_UBcCwAAVEZFMVAAA=,outlook_email,submitted_but_not_in_portal_export
1761882660,yes,86125,Closed,GPS Control Deviation,2026-05-01 11:00:44,yes,Denied,Denied,234,yes,submitted,2026-05-01T15:00:52.019Z,86125,freshdesk,matched
1761882810,yes,88698,Closed,GPS Control Deviation,2026-05-09 19:50:18,yes,Ready to Review,Pending,957,no,,,,,on_portal_but_we_have_not_submitted
1762714700,yes,88294,Closed,GPS Control Deviation,2026-05-08 18:13:49,yes,Ready to Review,Pending,385,yes,submitted,2026-05-08T22:13:57.328Z,88294,freshdesk,matched
1764709550,yes,88342,Closed,GPS Control Deviation,2026-05-09 12:41:52,yes,Ready to Review,Pending,544,yes,submitted,2026-05-09T16:42:00.066Z,88342,freshdesk,matched
1766416990,no,,,,,yes,MAS Eligible,Pending,1089,no,,,,,group_only_never_submitted
1767278810,no,,,,,yes,Resolved,Non-Issue,664,no,,,,,group_only_never_submitted
1768617340,no,,,,,yes,Expired,Pending,220,no,,,,,group_only_never_submitted
1769623550,yes,88421,Closed,GPS Control Deviation,2026-05-09 16:24:07,yes,Ready to Review,Pending,554,yes,submitted,2026-05-09T20:24:14.562Z,88421,freshdesk,matched
1769933890,no,,,,,yes,Resolved,No Action Needed,73,no,,,,,group_only_never_submitted
1769984750,no,,,,,yes,Expired,Pending,288,no,,,,,group_only_never_submitted
1771585830,no,,,,,yes,Awaiting Response,Pending,1368,yes,submitted,2026-05-22T03:32:13.746Z,AAMkAGFhMzgwZGJjLTNkNjktNDlhYS1hM2I4LTE3MmI4YTlkNzhmMgBGAAAAAAAUhYVsiS-zQLf1GEtAsll-BwBVKgS5MpITR5VyLl_UBcCwAAAAAAEPAABVKgS5MpITR5VyLl_UBcCwAAVPhJdoAAA=,outlook_email,submitted_but_not_in_portal_export
1771756710,no,,,,,yes,Expired,Pending,302,no,,,,,group_only_never_submitted
1772287030,yes,89591,Closed,GPS Control Deviation,2026-05-12 14:00:37,yes,Ready to Review,Pending,741,yes,submitted,2026-05-12T18:00:44.842Z,89591,freshdesk,matched
1772418240,yes,88538,Closed,GPS Control Deviation,2026-05-09 17:02:44,yes,Ready to Review,Pending,714,yes,submitted,2026-05-09T21:02:51.564Z,88538,freshdesk,matched
1774545900,no,,,,,yes,Awaiting Response,Pending,697,yes,submitted,2026-05-13T18:03:54.285Z,portal-1778695434125,outlook_email,submitted_but_not_in_portal_export
1774568080,no,,,,,yes,New,Pending,1709,no,,,,,group_only_never_submitted
1774979290,yes,88258,Closed,GPS Control Deviation,2026-05-08 18:03:34,yes,Ready to Review,Pending,436,yes,submitted,2026-05-08T22:03:41.858Z,88258,freshdesk,matched
1775914990,yes,88298,Closed,GPS Control Deviation,2026-05-08 18:14:57,yes,Ready to Review,Pending,389,yes,submitted,2026-05-08T22:15:05.317Z,88298,freshdesk,matched
1775947540,yes,89970,Closed,GPS Control Deviation,2026-05-13 14:02:40,yes,Ready to Review,Pending,704,yes,submitted,2026-05-13T18:02:47.941Z,89970,freshdesk,matched
1775991080,no,,,,,yes,Expired,Pending,228,no,,,,,group_only_never_submitted
1776098570,yes,88679,Closed,GPS Control Deviation,2026-05-09 19:44:59,yes,Ready to Review,Pending,865,yes,submitted,2026-05-09T23:45:06.735Z,88679,freshdesk,matched
1776329940,yes,88133,Closed,GPS Control Deviation,2026-05-08 14:01:32,yes,Ready to Review,Pending,433,yes,submitted,2026-05-08T18:01:40.351Z,88133,freshdesk,matched
1776624820,no,,,,,yes,Awaiting Response,Pending,692,yes,submitted,2026-05-13T18:04:28.993Z,portal-1778695468834,outlook_email,submitted_but_not_in_portal_export
1777169280,no,,,,,yes,Awaiting Response,Pending,647,yes,submitted,2026-05-14T22:00:41.296Z,AAMkAGFhMzgwZGJjLTNkNjktNDlhYS1hM2I4LTE3MmI4YTlkNzhmMgBGAAAAAAAUhYVsiS-zQLf1GEtAsll-BwBVKgS5MpITR5VyLl_UBcCwAAAAAAEPAABVKgS5MpITR5VyLl_UBcCwAAVJxvedAAA=,outlook_email,submitted_but_not_in_portal_export
1777226290,yes,88490,Closed,GPS Control Deviation,2026-05-09 16:49:44,yes,Resolved,Approved,816,yes,submitted,2026-05-09T20:49:52.191Z,88490,freshdesk,matched
1777489990,yes,89975,Closed,GPS Control Deviation,2026-05-13 14:03:13,yes,Ready to Review,Pending,701,yes,submitted,2026-05-13T18:03:20.487Z,89975,freshdesk,matched
1778249440,yes,89615,Closed,GPS Control Deviation,2026-05-12 14:07:38,yes,Ready to Review,Pending,707,yes,submitted,2026-05-12T18:07:45.961Z,89615,freshdesk,matched
1779056560,no,,,,,yes,Awaiting Response,Pending,940,yes,submitted,2026-05-13T18:04:29.138Z,portal-1778695468944,outlook_email,submitted_but_not_in_portal_export
1779844070,no,,,,,yes,Resolved,No Action Needed,101,yes,submitted,2026-04-28T21:25:25.973Z,85001,freshdesk,submitted_matched_by_ticket_id_only
1780464450,no,,,,,yes,New,Pending,1481,no,,,,,group_only_never_submitted
1782680220,yes,91105,Closed,GPS Control Deviation,2026-05-18 11:00:49,yes,Ready to Review,Pending,1147,yes,submitted,2026-05-18T15:00:56.569Z,91105,freshdesk,matched
1782763620,yes,88349,Closed,GPS Control Deviation,2026-05-09 12:43:57,yes,Ready to Review,Pending,501,yes,submitted,2026-05-09T16:44:05.142Z,88349,freshdesk,matched
1782763700,yes,92407,Closed,GPS Control Deviation,2026-05-20 18:53:10,yes,Ready to Review,Pending,1726,yes,submitted,2026-05-20T22:53:17.935Z,92407,freshdesk,matched
1782902770,no,,,,,yes,Ready to Review,Pending,827,yes,submitted,2026-05-19T15:00:12.817Z,AAMkAGFhMzgwZGJjLTNkNjktNDlhYS1hM2I4LTE3MmI4YTlkNzhmMgBGAAAAAAAUhYVsiS-zQLf1GEtAsll-BwBVKgS5MpITR5VyLl_UBcCwAAAAAAEPAABVKgS5MpITR5VyLl_UBcCwAAVNCWI-AAA=,outlook_email,submitted_but_not_in_portal_export
1784082660,no,,,,,yes,Resolved,Pending,156,yes,submitted,2026-04-29T14:31:44.712Z,85307,freshdesk,submitted_matched_by_ticket_id_only
1784729190,no,,,,,yes,Resolved,No Action Needed,60,yes,submitted,2026-04-28T21:42:32.017Z,85032,freshdesk,submitted_matched_by_ticket_id_only
1784729370,yes,90363,Closed,GPS Control Deviation,2026-05-14 14:00:33,yes,Ready to Review,Pending,909,yes,submitted,2026-05-14T18:00:41.711Z,90363,freshdesk,matched
1785005100,yes,85127,Closed,GPS Control Deviation,2026-04-28 19:08:04,yes,Resolved,No Action Needed,67,yes,submitted,2026-04-28T23:08:11.810Z,85127,freshdesk,matched
1785793990,no,,,,,yes,New,Pending,1267,no,,,,,group_only_never_submitted
1785923790,yes,88286,Closed,GPS Control Deviation,2026-05-08 18:11:22,yes,Ready to Review,Pending,395,yes,submitted,2026-05-08T22:11:29.109Z,88286,freshdesk,matched
1785923860,yes,90750,Closed,GPS Control Deviation,2026-05-15 16:23:50,yes,Ready to Review,Pending,693,yes,submitted,2026-05-15T20:23:57.519Z,90750,freshdesk,matched
1786576850,yes,88621,Closed,GPS Control Deviation,2026-05-09 19:28:19,yes,Ready to Review,Pending,1012,no,,,,,on_portal_but_we_have_not_submitted
1786805180,yes,90681,Closed,GPS Control Deviation,2026-05-15 14:06:39,yes,Ready to Review,Pending,718,yes,submitted,2026-05-15T18:06:46.279Z,90681,freshdesk,matched
1786951830,yes,88484,Closed,GPS Control Deviation,2026-05-09 16:48:14,yes,Ready to Review,Pending,822,yes,submitted,2026-05-09T20:48:21.775Z,88484,freshdesk,matched
1788532480,no,,,,,yes,Ready to Review,Pending,1205,yes,submitted,2026-05-21T18:01:02.220Z,AAMkAGFhMzgwZGJjLTNkNjktNDlhYS1hM2I4LTE3MmI4YTlkNzhmMgBGAAAAAAAUhYVsiS-zQLf1GEtAsll-BwBVKgS5MpITR5VyLl_UBcCwAAAAAAEPAABVKgS5MpITR5VyLl_UBcCwAAVOMsjBAAA=,outlook_email,submitted_but_not_in_portal_export
1789605780,no,,,,,yes,Needs Review,Pending,1321,no,,,,,group_only_never_submitted
1789622340,no,,,,,yes,New,Pending,1808,no,,,,,group_only_never_submitted
1789781310,yes,90663,Closed,GPS Control Deviation,2026-05-15 14:00:09,yes,Ready to Review,Pending,1077,yes,submitted,2026-05-15T18:00:17.364Z,90663,freshdesk,matched
1790245900,yes,91503,Closed,GPS Control Deviation,2026-05-18 22:14:07,yes,Ready to Review,Pending,1178,yes,submitted,2026-05-19T02:15:29.980Z,91503,freshdesk,matched
1792576310,yes,92166,Closed,GPS Control Deviation,2026-05-20 11:03:22,yes,Ready to Review,Pending,1235,yes,submitted,2026-05-20T15:03:30.770Z,92166,freshdesk,matched
1792800390,no,,,,,yes,Ready to Review,Pending,1056,yes,submitted,2026-05-20T22:20:10.957Z,AAMkAGFhMzgwZGJjLTNkNjktNDlhYS1hM2I4LTE3MmI4YTlkNzhmMgBGAAAAAAAUhYVsiS-zQLf1GEtAsll-BwBVKgS5MpITR5VyLl_UBcCwAAAAAAEPAABVKgS5MpITR5VyLl_UBcCwAAVOMsiRAAA=,outlook_email,submitted_but_not_in_portal_export
1792895920,yes,88630,Closed,GPS Control Deviation,2026-05-09 19:30:56,yes,Resolved,Approved,1032,yes,submitted,2026-05-09T23:31:03.575Z,88630,freshdesk,matched
1793264810,yes,85124,Closed,GPS Control Deviation,2026-04-28 19:07:37,yes,Resolved,No Action Needed,75,yes,submitted,2026-04-28T23:07:44.960Z,85124,freshdesk,matched
1793869460,yes,88651,Closed,GPS Control Deviation,2026-05-09 19:37:12,yes,Resolved,Approved,1063,yes,submitted,2026-05-09T23:37:19.360Z,88651,freshdesk,matched
1794556130,yes,88519,Closed,GPS Control Deviation,2026-05-09 16:57:48,yes,Ready to Review,Pending,758,yes,submitted,2026-05-09T20:57:55.524Z,88519,freshdesk,matched
1795609950,no,,,,,yes,New,Pending,1410,no,,,,,group_only_never_submitted
1795609960,no,,,,,yes,Resolved,Non-Issue,1551,no,,,,,group_only_never_submitted
1797532430,no,,,,,yes,Expired,Pending,469,no,,,,,group_only_never_submitted
1797532640,no,,,,,yes,New,Pending,1852,no,,,,,group_only_never_submitted
1797699070,no,,,,,yes,Resolved,Pending,179,yes,submitted,2026-04-29T15:29:35.715Z,85375,freshdesk,submitted_matched_by_ticket_id_only
1797699130,yes,92277,Closed,GPS Control Deviation,2026-05-20 14:02:52,yes,Ready to Review,Pending,1295,yes,submitted,2026-05-20T18:02:59.749Z,92277,freshdesk,matched
1797935470,yes,90365,Closed,GPS Control Deviation,2026-05-14 14:01:15,yes,Ready to Review,Pending,907,yes,submitted,2026-05-14T18:01:24.162Z,90365,freshdesk,matched
1797935600,no,,,,,yes,New,Pending,1471,no,,,,,group_only_never_submitted
1797972160,yes,87895,Closed,GPS Control Deviation,2026-05-07 22:00:38,yes,Resolved,Approved,425,yes,submitted,2026-05-08T02:00:45.940Z,87895,freshdesk,matched
1797972180,yes,88281,Closed,GPS Control Deviation,2026-05-08 18:09:58,yes,Denied,Denied,453,yes,submitted,2026-05-08T22:10:05.247Z,88281,freshdesk,matched
1797972190,yes,88046,Closed,GPS Control Deviation,2026-05-08 11:02:55,yes,Ready to Review,Pending,485,yes,submitted,2026-05-08T15:03:03.613Z,88046,freshdesk,matched
1797972500,no,,,,,yes,New,Pending,1658,no,,,,,group_only_never_submitted
1797972550,no,,,,,yes,New,Pending,1875,no,,,,,group_only_never_submitted
1798123220,no,,,,,yes,Ready to Review,Pending,1201,yes,submitted,2026-05-21T18:01:22.394Z,AAMkAGFhMzgwZGJjLTNkNjktNDlhYS1hM2I4LTE3MmI4YTlkNzhmMgBGAAAAAAAUhYVsiS-zQLf1GEtAsll-BwBVKgS5MpITR5VyLl_UBcCwAAAAAAEPAABVKgS5MpITR5VyLl_UBcCwAAVOMsjDAAA=,outlook_email,submitted_but_not_in_portal_export
1799272450,no,,,,,yes,Resolved,No Action Needed,104,yes,submitted,2026-04-28T21:23:52.892Z,84998,freshdesk,submitted_matched_by_ticket_id_only
1799280810,no,,,,,yes,New,Pending,1682,no,,,,,group_only_never_submitted
1799585040,yes,88647,Closed,GPS Control Deviation,2026-05-09 19:35:58,yes,Ready to Review,Pending,1076,yes,submitted,2026-05-09T23:36:06.060Z,88647,freshdesk,matched
1799940260,yes,91259,Closed,GPS Control Deviation,2026-05-18 14:01:39,yes,Ready to Review,Pending,1132,yes,submitted,2026-05-18T18:01:46.730Z,91259,freshdesk,matched
1800111080,no,,,,,yes,Resolved,Approved,593,no,,,,,group_only_never_submitted
1800131280,no,,,,,yes,Needs Review,Pending,1348,no,,,,,group_only_never_submitted
1800221390,yes,88556,Closed,GPS Control Deviation,2026-05-09 17:31:34,yes,Ready to Review,Pending,963,no,,,,,on_portal_but_we_have_not_submitted
1801336590,yes,90371,Closed,GPS Control Deviation,2026-05-14 14:02:30,yes,Ready to Review,Pending,900,yes,submitted,2026-05-14T18:02:37.579Z,90371,freshdesk,matched
1801404270,yes,88613,Closed,GPS Control Deviation,2026-05-09 19:26:06,yes,Ready to Review,Pending,960,yes,submitted,2026-05-09T23:26:13.402Z,88613,freshdesk,matched
1801935640,yes,85435,Closed,GPS Control Deviation,2026-04-29 13:50:10,yes,Ready to Review,Pending,271,yes,submitted,2026-04-29T17:50:17.471Z,85435,freshdesk,matched
1801955410,no,,,,,yes,Ready to Review,Pending,1186,yes,submitted,2026-05-21T15:01:22.017Z,AAMkAGFhMzgwZGJjLTNkNjktNDlhYS1hM2I4LTE3MmI4YTlkNzhmMgBGAAAAAAAUhYVsiS-zQLf1GEtAsll-BwBVKgS5MpITR5VyLl_UBcCwAAAAAAEPAABVKgS5MpITR5VyLl_UBcCwAAVOMsi4AAA=,outlook_email,submitted_but_not_in_portal_export
1803117430,no,,,,,yes,New,Pending,1386,no,,,,,group_only_never_submitted
1803231370,yes,87855,Closed,GPS Control Deviation,2026-05-07 18:02:49,yes,Ready to Review,Pending,349,yes,submitted,2026-05-07T22:02:56.789Z,87855,freshdesk,matched
1803231380,yes,88296,Closed,GPS Control Deviation,2026-05-08 18:14:25,yes,Ready to Review,Pending,388,yes,submitted,2026-05-08T22:14:32.214Z,88296,freshdesk,matched
1803597960,yes,88522,Closed,GPS Control Deviation,2026-05-09 16:58:38,yes,Denied,Denied,625,yes,submitted,2026-05-09T20:58:45.668Z,88522,freshdesk,matched
1804110140,no,,,,,yes,Needs Review,Pending,250,no,,,,,group_only_never_submitted
1804580940,yes,87324,Closed,GPS Control Deviation,2026-05-06 11:02:18,yes,Resolved,Approved,322,yes,submitted,2026-05-06T15:02:26.298Z,87324,freshdesk,matched
1804715130,no,,,,,yes,New,Pending,1869,no,,,,,group_only_never_submitted
1804798880,no,,,,,yes,Ready to Review,Pending,189,yes,submitted,2026-04-29T12:38:38.623Z,85234,freshdesk,submitted_matched_by_ticket_id_only
1805453590,no,,,,,yes,Ready to Review,Pending,333,yes,submitted,2026-05-05T22:03:16.488Z,87168,freshdesk,submitted_matched_by_ticket_id_only
1805665470,yes,87857,Closed,GPS Control Deviation,2026-05-07 18:03:26,yes,Ready to Review,Pending,360,yes,submitted,2026-05-07T22:03:33.808Z,87857,freshdesk,matched
1805846140,no,,,,,yes,Resolved,No Action Needed,103,yes,submitted,2026-04-28T21:39:47.995Z,85028,freshdesk,submitted_matched_by_ticket_id_only
1805915190,yes,88697,Closed,GPS Control Deviation,2026-05-09 19:50:02,yes,Ready to Review,Pending,974,no,,,,,on_portal_but_we_have_not_submitted
1805915340,no,,,,,yes,New,Pending,1425,no,,,,,group_only_never_submitted
1805915430,no,,,,,yes,New,Pending,1860,no,,,,,group_only_never_submitted
1806301210,no,,,,,yes,Awaiting Response,Pending,14,yes,submitted,2026-04-28T23:15:38.068Z,portal-1777418137897,outlook_email,submitted_but_not_in_portal_export
1806522640,yes,85109,Closed,GPS Control Deviation,2026-04-28 19:04:49,yes,Resolved,No Action Needed,94,yes,submitted,2026-04-28T23:04:57.175Z,85109,freshdesk,matched
1807836920,yes,88513,Closed,GPS Control Deviation,2026-05-09 16:56:06,yes,Ready to Review,Pending,727,yes,submitted,2026-05-09T20:56:13.308Z,88513,freshdesk,matched
1807987170,yes,85226,Closed,GPS Control Deviation,2026-04-29 08:16:36,yes,Resolved,Pending,173,yes,submitted,2026-04-29T12:16:43.267Z,85226,freshdesk,matched
1808006040,no,,,,,yes,Awaiting Response,Pending,839,yes,submitted,2026-05-15T18:03:06.816Z,AAMkAGFhMzgwZGJjLTNkNjktNDlhYS1hM2I4LTE3MmI4YTlkNzhmMgBGAAAAAAAUhYVsiS-zQLf1GEtAsll-BwBVKgS5MpITR5VyLl_UBcCwAAAAAAEPAABVKgS5MpITR5VyLl_UBcCwAAVJxveyAAA=,outlook_email,submitted_but_not_in_portal_export
1808006060,no,,,,,yes,Resolved,No Action Needed,930,no,,,,,group_only_never_submitted
1808101140,no,,,,,yes,Expired,Pending,209,no,,,,,group_only_never_submitted
1808101170,no,,,,,yes,Expired,Pending,280,no,,,,,group_only_never_submitted
1808101580,no,,,,,yes,New,Pending,1434,no,,,,,group_only_never_submitted
1808498180,no,,,,,yes,Ready to Review,Pending,1757,yes,submitted,2026-05-20T15:03:37.338Z,AAMkAGFhMzgwZGJjLTNkNjktNDlhYS1hM2I4LTE3MmI4YTlkNzhmMgBGAAAAAAAUhYVsiS-zQLf1GEtAsll-BwBVKgS5MpITR5VyLl_UBcCwAAAAAAEPAABVKgS5MpITR5VyLl_UBcCwAAVOMsiDAAA=,outlook_email,submitted_but_not_in_portal_export
1808822800,yes,87755,Closed,GPS Control Deviation,2026-05-07 14:00:09,yes,Ready to Review,Pending,345,yes,submitted,2026-05-07T18:00:17.890Z,87755,freshdesk,matched
1808837640,no,,,,,yes,New,Pending,1853,no,,,,,group_only_never_submitted
1809040550,yes,88299,Closed,GPS Control Deviation,2026-05-08 18:15:15,yes,Ready to Review,Pending,392,yes,submitted,2026-05-08T22:15:23.055Z,88299,freshdesk,matched
1809612770,yes,87761,Closed,GPS Control Deviation,2026-05-07 14:01:16,yes,Ready to Review,Pending,370,no,,,,,on_portal_but_we_have_not_submitted
1809612920,yes,88663,Closed,GPS Control Deviation,2026-05-09 19:40:31,yes,Ready to Review,Pending,852,yes,submitted,2026-05-09T23:40:38.745Z,88663,freshdesk,matched
1809613160,no,,,,,yes,New,Pending,1503,no,,,,,group_only_never_submitted
1809613180,no,,,,,yes,Needs Review,Pending,1591,no,,,,,group_only_never_submitted
1809786110,yes,85072,Closed,GPS Control Deviation,2026-04-28 18:13:33,yes,Resolved,No Action Needed,81,yes,submitted,2026-04-28T22:13:58.421Z,85072,freshdesk,matched
1810218590,yes,87847,Closed,GPS Control Deviation,2026-05-07 18:00:34,yes,Ready to Review,Pending,361,no,,,,,on_portal_but_we_have_not_submitted
1810218900,no,,,,,yes,New,Pending,1648,no,,,,,group_only_never_submitted
1810220860,yes,90666,Closed,GPS Control Deviation,2026-05-15 14:01:14,yes,Ready to Review,Pending,1118,yes,submitted,2026-05-15T18:01:23.681Z,90666,freshdesk,matched
1810340920,yes,88557,Closed,GPS Control Deviation,2026-05-09 17:31:50,yes,Ready to Review,Pending,691,no,,,,,on_portal_but_we_have_not_submitted
1810341120,yes,92178,Closed,GPS Control Deviation,2026-05-20 11:06:31,yes,Ready to Review,Pending,1746,yes,submitted,2026-05-20T15:06:38.580Z,92178,freshdesk,matched
1810450370,yes,87403,Closed,GPS Control Deviation,2026-05-06 14:00:37,yes,Ready to Review,Pending,378,yes,submitted,2026-05-06T18:00:44.617Z,87403,freshdesk,matched
1810450500,yes,89963,Closed,GPS Control Deviation,2026-05-13 14:01:09,yes,Ready to Review,Pending,680,yes,submitted,2026-05-13T18:01:16.657Z,89963,freshdesk,matched
1810450740,no,,,,,yes,New,Pending,1571,no,,,,,group_only_never_submitted
1810450850,no,,,,,yes,New,Pending,1893,no,,,,,group_only_never_submitted
1811431510,yes,91108,Closed,GPS Control Deviation,2026-05-18 11:01:07,yes,Ready to Review,Pending,1144,yes,submitted,2026-05-18T15:01:15.498Z,91108,freshdesk,matched
1811559940,yes,85129,Closed,GPS Control Deviation,2026-04-28 19:08:20,yes,Resolved,No Action Needed,64,yes,submitted,2026-04-28T23:08:28.168Z,85129,freshdesk,matched
1811559970,no,,,,,yes,Resolved,Pending,184,yes,submitted,2026-04-29T14:19:36.342Z,85304,freshdesk,submitted_matched_by_ticket_id_only
1811560110,yes,87898,Closed,GPS Control Deviation,2026-05-07 22:01:29,yes,Resolved,Approved,473,yes,submitted,2026-05-08T02:01:37.292Z,87898,freshdesk,matched
1811560380,yes,92413,Closed,GPS Control Deviation,2026-05-20 18:54:52,yes,Ready to Review,Pending,1155,yes,submitted,2026-05-20T22:54:59.724Z,92413,freshdesk,matched
1811560500,no,,,,,yes,New,Pending,1472,no,,,,,group_only_never_submitted
1811810080,no,,,,,yes,Awaiting Response,Pending,694,yes,submitted,2026-05-13T18:04:11.566Z,portal-1778695451407,outlook_email,submitted_but_not_in_portal_export
1811814390,yes,87700,Closed,GPS Control Deviation,2026-05-07 11:46:29,yes,Ready to Review,Pending,364,yes,submitted,2026-05-07T15:46:36.951Z,87700,freshdesk,matched
1811814420,no,,,,,yes,Awaiting Response,Pending,19,yes,submitted,2026-04-28T23:08:49.285Z,portal-1777417729141,outlook_email,submitted_but_not_in_portal_export
1811814450,no,,,,,no,,,,yes,submitted,2026-05-18T18:00:56.069Z,AAMkAGFhMzgwZGJjLTNkNjktNDlhYS1hM2I4LTE3MmI4YTlkNzhmMgBGAAAAAAAUhYVsiS-zQLf1GEtAsll-BwBVKgS5MpITR5VyLl_UBcCwAAAAAAEPAABVKgS5MpITR5VyLl_UBcCwAAVNCWIqAAA=,outlook_email,submitted_but_not_in_portal_export
1812056030,yes,89976,Closed,GPS Control Deviation,2026-05-13 14:03:28,yes,Ready to Review,Pending,700,yes,submitted,2026-05-13T18:03:36.547Z,89976,freshdesk,matched
1812371020,yes,85152,Closed,GPS Control Deviation,2026-04-28 19:17:10,yes,Denied,Denied,26,yes,submitted,2026-04-28T23:17:18.565Z,85152,freshdesk,matched
1813114140,no,,,,,yes,New,Pending,1807,no,,,,,group_only_never_submitted
1813123750,yes,85064,Closed,GPS Control Deviation,2026-04-28 18:08:48,yes,Resolved,No Action Needed,77,yes,submitted,2026-04-28T22:08:55.381Z,85064,freshdesk,matched
1813290930,no,,,,,yes,Expired,Pending,268,no,,,,,group_only_never_submitted
1814604450,no,,,,,yes,Expired,Pending,255,no,,,,,group_only_never_submitted
1814864500,no,,,,,yes,New,Pending,1861,no,,,,,group_only_never_submitted
1815491630,no,,,,,yes,Ready to Review,Pending,1251,yes,submitted,2026-05-21T18:00:44.175Z,AAMkAGFhMzgwZGJjLTNkNjktNDlhYS1hM2I4LTE3MmI4YTlkNzhmMgBGAAAAAAAUhYVsiS-zQLf1GEtAsll-BwBVKgS5MpITR5VyLl_UBcCwAAAAAAEPAABVKgS5MpITR5VyLl_UBcCwAAVOMsi-AAA=,outlook_email,submitted_but_not_in_portal_export
1815911460,yes,88639,Closed,GPS Control Deviation,2026-05-09 19:33:34,yes,Denied,Denied,1028,yes,submitted,2026-05-09T23:33:42.184Z,88639,freshdesk,matched
1816303160,no,,,,,yes,Awaiting Response,Pending,675,yes,submitted,2026-05-13T18:01:48.899Z,portal-1778695308693,outlook_email,submitted_but_not_in_portal_export
1816477590,yes,88038,Closed,GPS Control Deviation,2026-05-08 11:00:54,yes,Ready to Review,Pending,476,yes,submitted,2026-05-08T15:01:02.323Z,88038,freshdesk,matched
1816533060,yes,87859,Closed,GPS Control Deviation,2026-05-07 18:04:00,yes,Ready to Review,Pending,348,yes,submitted,2026-05-07T22:04:08.501Z,87859,freshdesk,matched
1817157380,no,,,,,yes,Resolved,No Action Needed,63,yes,submitted|submitted,2026-04-28T21:23:32.789Z,84997|84996,freshdesk|freshdesk,submitted_matched_by_ticket_id_only
1817339030,no,,,,,yes,New,Pending,1497,no,,,,,group_only_never_submitted
1817461380,yes,88460,Closed,GPS Control Deviation,2026-05-09 16:41:34,yes,Ready to Review,Pending,597,yes,submitted,2026-05-09T20:41:41.570Z,88460,freshdesk,matched
1818128360,no,,,,,yes,New,Pending,1824,no,,,,,group_only_never_submitted
1818324180,no,,,,,yes,Resolved,No Action Needed,57,yes,submitted,2026-04-28T23:15:39.668Z,portal-1777418139359,outlook_email,submitted_but_not_in_portal_export
1818563470,yes,87167,Closed,GPS Control Deviation,2026-05-05 18:02:42,yes,Ready to Review,Pending,314,yes,submitted,2026-05-05T22:02:49.325Z,87167,freshdesk,matched
1818978270,yes,92397,Closed,GPS Control Deviation,2026-05-20 18:25:22,yes,Ready to Review,Pending,1727,yes,submitted,2026-05-20T22:26:42.256Z,92397,freshdesk,matched
1819214090,yes,92170,Closed,GPS Control Deviation,2026-05-20 11:04:36,yes,Ready to Review,Pending,889,yes,submitted,2026-05-20T15:04:43.518Z,92170,freshdesk,matched
1819744370,no,,,,,yes,Expired,Pending,258,no,,,,,group_only_never_submitted
1820462770,no,,,,,yes,Resolved,Pending,170,yes,submitted,2026-04-29T14:44:23.202Z,85323,freshdesk,submitted_matched_by_ticket_id_only
1820474260,yes,88502,Closed,GPS Control Deviation,2026-05-09 16:53:20,yes,Ready to Review,Pending,800,yes,submitted,2026-05-09T20:53:28.366Z,88502,freshdesk,matched
1820632890,no,,,,,no,,,,yes,submitted,2026-05-18T18:00:41.617Z,AAMkAGFhMzgwZGJjLTNkNjktNDlhYS1hM2I4LTE3MmI4YTlkNzhmMgBGAAAAAAAUhYVsiS-zQLf1GEtAsll-BwBVKgS5MpITR5VyLl_UBcCwAAAAAAEPAABVKgS5MpITR5VyLl_UBcCwAAVNCWIoAAA=,outlook_email,submitted_but_not_in_portal_export
1820916500,yes,89610,Closed,GPS Control Deviation,2026-05-12 14:06:03,yes,Ready to Review,Pending,716,yes,submitted,2026-05-12T18:06:10.448Z,89610,freshdesk,matched
1821244240,yes,89300|89240,Closed|Closed,GPS Control Deviation,2026-05-12 08:00:34,yes,Ready to Review,Pending,766,yes,submitted,2026-05-12T12:00:41.746Z,89300,freshdesk,matched
1821833240,yes,85464,Closed,GPS Control Deviation,2026-04-29 14:58:28,yes,Ready to Review,Pending,216,yes,submitted,2026-04-29T18:58:35.259Z,85464,freshdesk,matched
1822060350,yes,88279,Closed,GPS Control Deviation,2026-05-08 18:09:23,yes,Ready to Review,Pending,452,yes,submitted,2026-05-08T22:09:30.835Z,88279,freshdesk,matched
1822117500,yes,86843,Closed,GPS Control Deviation,2026-05-05 08:10:14,yes,Denied,Denied,299,yes,submitted,2026-05-05T12:11:18.234Z,86843,freshdesk,matched
1822455360,no,,,,,yes,Resolved,No Action Needed,61,yes,submitted,2026-04-28T21:36:28.914Z,85025,freshdesk,submitted_matched_by_ticket_id_only
1822668320,yes,89597,Closed,GPS Control Deviation,2026-05-12 14:02:20,yes,Ready to Review,Pending,725,yes,submitted,2026-05-12T18:02:27.368Z,89597,freshdesk,matched
1822932420,no,,,,,yes,New,Pending,1657,no,,,,,group_only_never_submitted
1823418450,yes,88521,Closed,GPS Control Deviation,2026-05-09 16:58:20,yes,Ready to Review,Pending,781,yes,submitted,2026-05-09T20:58:27.431Z,88521,freshdesk,matched
1823516170,yes,88527,Closed,GPS Control Deviation,2026-05-09 17:00:04,yes,Ready to Review,Pending,798,yes,submitted,2026-05-09T21:00:12.504Z,88527,freshdesk,matched
1824044290,yes,88388,Closed,GPS Control Deviation,2026-05-09 16:15:58,yes,Ready to Review,Pending,511,yes,submitted,2026-05-09T20:16:06.672Z,88388,freshdesk,matched
1824050420,no,,,,,yes,Resolved,No Action Needed,82,yes,submitted,2026-04-28T21:27:55.930Z,85006,freshdesk,submitted_matched_by_ticket_id_only
1824429390,yes,89977,Closed,GPS Control Deviation,2026-05-13 14:03:30,yes,Ready to Review,Pending,699,yes,submitted,2026-05-13T18:03:38.516Z,89977,freshdesk,matched
1824879190,no,,,,,yes,New,Pending,1383,no,,,,,group_only_never_submitted
1825311060,yes,89607,Closed,GPS Control Deviation,2026-05-12 14:05:10,yes,Ready to Review,Pending,736,yes,submitted,2026-05-12T18:05:17.844Z,89607,freshdesk,matched
1825444370,yes,88354,Closed,GPS Control Deviation,2026-05-09 12:45:26,yes,Ready to Review,Pending,547,yes,submitted,2026-05-09T16:45:33.537Z,88354,freshdesk,matched
1825446080,yes,92403,Closed,GPS Control Deviation,2026-05-20 18:40:38,yes,Ready to Review,Pending,1105,yes,submitted,2026-05-20T22:41:23.557Z,92403,freshdesk,matched
1825446140,no,,,,,yes,New,Pending,1400,no,,,,,group_only_never_submitted
1825446150,no,,,,,yes,New,Pending,1513,no,,,,,group_only_never_submitted
1825446190,yes,92292,Closed,GPS Control Deviation,2026-05-20 14:07:35,yes,Ready to Review,Pending,1774,yes,submitted,2026-05-20T18:07:43.085Z,92292,freshdesk,matched
1825707320,yes,85136,Closed,GPS Control Deviation,2026-04-28 19:14:12,yes,Resolved,No Action Needed,87,yes,submitted,2026-04-28T23:14:20.374Z,85136,freshdesk,matched
1826048390,no,,,,,yes,Ready to Review,Pending,162,yes,submitted,2026-04-29T15:24:21.828Z,85369,freshdesk,submitted_matched_by_ticket_id_only
1826378110,no,,,,,yes,New,Pending,1360,no,,,,,group_only_never_submitted
1826625250,yes,88347,Closed,GPS Control Deviation,2026-05-09 12:43:20,yes,Ready to Review,Pending,538,yes,submitted,2026-05-09T16:43:27.201Z,88347,freshdesk,matched
1826625270,yes,89603,Closed,GPS Control Deviation,2026-05-12 14:04:00,yes,Ready to Review,Pending,732,yes,submitted,2026-05-12T18:04:07.726Z,89603,freshdesk,matched
1826759660,yes,89596,Closed,GPS Control Deviation,2026-05-12 14:02:03,yes,Ready to Review,Pending,723,yes,submitted,2026-05-12T18:02:11.338Z,89596,freshdesk,matched
1826979570,yes,92180,Closed,GPS Control Deviation,2026-05-20 11:07:08,yes,Ready to Review,Pending,1744,yes,submitted,2026-05-20T15:07:17.091Z,92180,freshdesk,matched
1827168010,no,,,,,yes,Ready to Review,Pending,1202,yes,submitted,2026-05-21T18:01:14.033Z,AAMkAGFhMzgwZGJjLTNkNjktNDlhYS1hM2I4LTE3MmI4YTlkNzhmMgBGAAAAAAAUhYVsiS-zQLf1GEtAsll-BwBVKgS5MpITR5VyLl_UBcCwAAAAAAEPAABVKgS5MpITR5VyLl_UBcCwAAVOMsjCAAA=,outlook_email,submitted_but_not_in_portal_export
1827481130,no,,,,,yes,New,Pending,1352,no,,,,,group_only_never_submitted
1828029620,no,,,,,yes,Resolved,No Action Needed,109,yes,submitted,2026-04-28T21:29:31.855Z,85009,freshdesk,submitted_matched_by_ticket_id_only
1828051730,no,,,,,yes,New,Pending,1851,no,,,,,group_only_never_submitted
1828126580,yes,88602,Closed,GPS Control Deviation,2026-05-09 17:44:41,yes,Ready to Review,Pending,1043,no,,,,,on_portal_but_we_have_not_submitted
1828337770,no,,,,,yes,Expired,Pending,238,no,,,,,group_only_never_submitted
1828338960,yes,88274,Closed,GPS Control Deviation,2026-05-08 18:08:00,yes,Ready to Review,Pending,455,yes,submitted,2026-05-08T22:08:07.631Z,88274,freshdesk,matched
1828604160,no,,,,,yes,Expired,Pending,197,no,,,,,group_only_never_submitted
1828685830,yes,89964,Closed,GPS Control Deviation,2026-05-13 14:01:10,yes,Ready to Review,Pending,679,yes,submitted,2026-05-13T18:01:18.467Z,89964,freshdesk,matched
1829190930,yes,88700,Closed,GPS Control Deviation,2026-05-09 19:50:51,yes,Ready to Review,Pending,999,no,,,,,on_portal_but_we_have_not_submitted
1829271200,no,,,,,yes,Awaiting Response,Pending,623,yes,submitted,2026-05-14T22:00:28.289Z,AAMkAGFhMzgwZGJjLTNkNjktNDlhYS1hM2I4LTE3MmI4YTlkNzhmMgBGAAAAAAAUhYVsiS-zQLf1GEtAsll-BwBVKgS5MpITR5VyLl_UBcCwAAAAAAEPAABVKgS5MpITR5VyLl_UBcCwAAVJxvebAAA=,outlook_email,submitted_but_not_in_portal_export
1829502060,yes,85103,Closed,GPS Control Deviation,2026-04-28 19:04:00,yes,Resolved,Pending,36,yes,submitted,2026-04-28T23:04:07.881Z,85103,freshdesk,matched
1829537470,no,,,,,yes,Resolved,No Action Needed,66,no,,,,,group_only_never_submitted
1829634340,no,,,,,yes,Expired,Pending,219,no,,,,,group_only_never_submitted
1829732450,yes,87160,Closed,GPS Control Deviation,2026-05-05 18:00:45,yes,Ready to Review,Pending,315,yes,submitted,2026-05-05T22:00:52.409Z,87160,freshdesk,matched
1829761350,no,,,,,yes,Resolved,No Action Needed,83,yes,submitted,2026-04-28T21:25:55.884Z,85002,freshdesk,submitted_matched_by_ticket_id_only
1830004340,no,,,,,yes,New,Pending,1581,no,,,,,group_only_never_submitted
1830060400,yes,87318,Closed,GPS Control Deviation,2026-05-06 11:00:34,yes,Denied,Denied,300,yes,submitted,2026-05-06T15:00:42.290Z,87318,freshdesk,matched
1830114650,yes,89613,Closed,GPS Control Deviation,2026-05-12 14:06:52,yes,Ready to Review,Pending,710,yes,submitted,2026-05-12T18:06:59.748Z,89613,freshdesk,matched
1830324120,yes,88584,Closed,GPS Control Deviation,2026-05-09 17:39:40,yes,Ready to Review,Pending,634,no,,,,,on_portal_but_we_have_not_submitted
1830634330,no,,,,,yes,Expired,Pending,263,no,,,,,group_only_never_submitted
1830702730,no,,,,,yes,New,Pending,1431,no,,,,,group_only_never_submitted
1831196190,yes,91499,Closed,GPS Control Deviation,2026-05-18 22:04:21,yes,Ready to Review,Pending,1172,yes,submitted,2026-05-19T02:05:33.379Z,91499,freshdesk,matched
1831588390,no,,,,,yes,Resolved,No Action Needed,629,no,,,,,group_only_never_submitted
1831958690,yes,85138,Closed,GPS Control Deviation,2026-04-28 19:14:25,yes,Resolved,No Action Needed,143,yes,submitted,2026-04-28T23:14:33.120Z,85138,freshdesk,matched
1832154370,yes,87317,Closed,GPS Control Deviation,2026-05-06 11:00:18,yes,Ready to Review,Pending,306,yes,submitted,2026-05-06T15:00:25.401Z,87317,freshdesk,matched
1832220170,yes,85118,Closed,GPS Control Deviation,2026-04-28 19:06:11,yes,Resolved,No Action Needed,59,yes,submitted,2026-04-28T23:06:18.789Z,85118,freshdesk,matched
1832336120,yes,89969,Closed,GPS Control Deviation,2026-05-13 14:02:34,yes,Ready to Review,Pending,705,yes,submitted,2026-05-13T18:02:42.178Z,89969,freshdesk,matched
1832631920,no,,,,,yes,New,Pending,1856,no,,,,,group_only_never_submitted
1833056860,no,,,,,yes,Denied,Denied,1191,yes,submitted,2026-05-21T15:01:06.162Z,AAMkAGFhMzgwZGJjLTNkNjktNDlhYS1hM2I4LTE3MmI4YTlkNzhmMgBGAAAAAAAUhYVsiS-zQLf1GEtAsll-BwBVKgS5MpITR5VyLl_UBcCwAAAAAAEPAABVKgS5MpITR5VyLl_UBcCwAAVOMsi1AAA=,outlook_email,submitted_but_not_in_portal_export
1833182750,no,,,,,yes,New,Pending,1688,no,,,,,group_only_never_submitted
1833679120,yes,87900,Closed,GPS Control Deviation,2026-05-07 22:02:03,yes,Resolved,Approved,475,yes,submitted,2026-05-08T02:02:11.616Z,87900,freshdesk,matched
1833679180,yes,88593,Closed,GPS Control Deviation,2026-05-09 17:42:12,yes,Ready to Review,Pending,997,no,,,,,on_portal_but_we_have_not_submitted
1833679210,yes,91438,Closed,GPS Control Deviation,2026-05-18 18:54:43,yes,Ready to Review,Pending,1179,yes,submitted,2026-05-18T22:56:42.492Z,91438,freshdesk,matched
1833679230,no,,,,,yes,New,Pending,1387,no,,,,,group_only_never_submitted
1833679260,no,,,,,yes,New,Pending,1646,no,,,,,group_only_never_submitted
1833736170,yes,88455,Closed,GPS Control Deviation,2026-05-09 16:40:02,yes,Ready to Review,Pending,603,yes,submitted,2026-05-09T20:40:09.611Z,88455,freshdesk,matched
1833808960,yes,88539,Closed,GPS Control Deviation,2026-05-09 17:03:03,yes,Ready to Review,Pending,872,yes,submitted,2026-05-09T21:03:10.518Z,88539,freshdesk,matched
1833809060,no,,,,,yes,New,Pending,1526,no,,,,,group_only_never_submitted
1833871600,yes,85144,Closed,GPS Control Deviation,2026-04-28 19:16:05,yes,Resolved,No Action Needed,113,yes,submitted,2026-04-28T23:16:12.572Z,85144,freshdesk,matched
1833887080,yes,90455,Closed,GPS Control Deviation,2026-05-14 17:03:26,yes,Ready to Review,Pending,902,yes,submitted,2026-05-14T21:03:34.254Z,90455,freshdesk,matched
1833917920,no,,,,,yes,Ready to Review,Pending,1200,yes,submitted,2026-05-21T18:01:30.164Z,AAMkAGFhMzgwZGJjLTNkNjktNDlhYS1hM2I4LTE3MmI4YTlkNzhmMgBGAAAAAAAUhYVsiS-zQLf1GEtAsll-BwBVKgS5MpITR5VyLl_UBcCwAAAAAAEPAABVKgS5MpITR5VyLl_UBcCwAAVOMsjEAAA=,outlook_email,submitted_but_not_in_portal_export
1834211090,no,,,,,yes,New,Pending,1675,no,,,,,group_only_never_submitted
1834611980,no,,,,,yes,New,Pending,1820,no,,,,,group_only_never_submitted
1834698690,yes,88413,Closed,GPS Control Deviation,2026-05-09 16:22:02,yes,Ready to Review,Pending,558,yes,submitted,2026-05-09T20:22:09.084Z,88413,freshdesk,matched
1834836370,yes,90668,Closed,GPS Control Deviation,2026-05-15 14:01:53,yes,Denied,Denied,933,yes,submitted,2026-05-15T18:02:00.535Z,90668,freshdesk,matched
1835217810,no,,,,,yes,New,Pending,1865,no,,,,,group_only_never_submitted
1835255170,no,,,,,yes,Awaiting Response,Pending,825,yes,submitted,2026-05-15T18:04:44.854Z,AAMkAGFhMzgwZGJjLTNkNjktNDlhYS1hM2I4LTE3MmI4YTlkNzhmMgBGAAAAAAAUhYVsiS-zQLf1GEtAsll-BwBVKgS5MpITR5VyLl_UBcCwAAAAAAEPAABVKgS5MpITR5VyLl_UBcCwAAVJxve2AAA=,outlook_email,submitted_but_not_in_portal_export
1835403940,no,,,,,yes,New,Pending,1577,no,,,,,group_only_never_submitted
1835647230,yes,87163,Closed,GPS Control Deviation,2026-05-05 18:01:35,yes,Ready to Review,Pending,310,yes,submitted,2026-05-05T22:01:43.230Z,87163,freshdesk,matched
1836350730,yes,88288,Closed,GPS Control Deviation,2026-05-08 18:11:56,yes,Ready to Review,Pending,398,yes,submitted,2026-05-08T22:12:04.840Z,88288,freshdesk,matched
1836536660,yes,91386,Closed,GPS Control Deviation,2026-05-18 18:05:10,yes,Ready to Review,Pending,1171,yes,submitted,2026-05-18T22:06:42.525Z,91386,freshdesk,matched
1836925180,yes,92857,Open,GPS Control Deviation,2026-05-21 22:55:26,yes,Awaiting Response,Pending,1254,yes,submitted,2026-05-22T02:56:43.215Z,92857,freshdesk,matched
1836925210,no,,,,,yes,New,Pending,1485,no,,,,,group_only_never_submitted
1836925240,yes,92169,Closed,GPS Control Deviation,2026-05-20 11:04:18,yes,Ready to Review,Pending,1795,yes,submitted,2026-05-20T15:04:26.425Z,92169,freshdesk,matched
1837038490,no,,,,,yes,Expired,Pending,278,no,,,,,group_only_never_submitted
1837545860,no,,,,,yes,Ready to Review,Pending,826,yes,submitted,2026-05-19T15:00:07.825Z,AAMkAGFhMzgwZGJjLTNkNjktNDlhYS1hM2I4LTE3MmI4YTlkNzhmMgBGAAAAAAAUhYVsiS-zQLf1GEtAsll-BwBVKgS5MpITR5VyLl_UBcCwAAAAAAEPAABVKgS5MpITR5VyLl_UBcCwAAVNCWI_AAA=,outlook_email,submitted_but_not_in_portal_export
1837801310,no,,,,,yes,New,Pending,1711,no,,,,,group_only_never_submitted
1837942600,yes,88466,Closed,GPS Control Deviation,2026-05-09 16:43:15,yes,Ready to Review,Pending,659,yes,submitted,2026-05-09T20:43:22.327Z,88466,freshdesk,matched
1837957360,yes,86803,Closed,GPS Control Deviation,2026-05-04 18:00:52,yes,Ready to Review,Pending,295,yes,submitted,2026-05-04T22:00:59.656Z,86803,freshdesk,matched
1838191620,yes,85070,Closed,GPS Control Deviation,2026-04-28 18:10:48,yes,Resolved,No Action Needed,147,yes,submitted,2026-04-28T22:11:13.507Z,85070,freshdesk,matched
1838195850,yes,85154,Closed,GPS Control Deviation,2026-04-28 19:18:19,yes,Ready to Review,Approved,18,yes,submitted,2026-04-28T23:18:26.454Z,85154,freshdesk,matched
1838462780,no,,,,,yes,Resolved,No Action Needed,71,yes,submitted|submitted|submitted|submitted,2026-04-28T21:22:09.297Z,84992|84991|84990|84989,freshdesk|freshdesk|freshdesk|freshdesk,submitted_matched_by_ticket_id_only
1838965660,yes,88377,Closed,GPS Control Deviation,2026-05-09 16:12:29,yes,Ready to Review,Pending,527,yes,submitted,2026-05-09T20:12:37.231Z,88377,freshdesk,matched
1840321750,yes,88683,Closed,GPS Control Deviation,2026-05-09 19:46:07,yes,Ready to Review,Pending,859,yes,submitted,2026-05-09T23:46:14.586Z,88683,freshdesk,matched
1840520910,yes,85102,Closed,GPS Control Deviation,2026-04-28 19:04:00,yes,Resolved,No Action Needed,99,yes,submitted,2026-04-28T23:04:07.171Z,85102,freshdesk,matched
1840529780,yes,88493,Closed,GPS Control Deviation,2026-05-09 16:50:39,yes,Ready to Review,Pending,814,yes,submitted,2026-05-09T20:50:47.081Z,88493,freshdesk,matched
1841037610,yes,90468,Closed,GPS Control Deviation,2026-05-14 17:07:05,yes,Ready to Review,Pending,986,yes,submitted,2026-05-14T21:07:13.312Z,90468,freshdesk,matched
1841075970,yes,88685,Closed,GPS Control Deviation,2026-05-09 19:46:39,yes,Ready to Review,Pending,975,no,,,,,on_portal_but_we_have_not_submitted
1841126890,yes,88476,Closed,GPS Control Deviation,2026-05-09 16:45:52,yes,Denied,Denied,642,yes,submitted,2026-05-09T20:46:00.527Z,88476,freshdesk,matched
1841336010,no,,,,,yes,Resolved,Approved,540,no,,,,,group_only_never_submitted
1841479240,no,,,,,yes,New,Pending,1850,no,,,,,group_only_never_submitted
1841667040,no,,,,,yes,Resolved,Non-Issue,1550,no,,,,,group_only_never_submitted
1841897310,no,,,,,yes,Denied,Pending,22,no,,,,,group_only_never_submitted
1841973430,no,,,,,yes,Resolved,Non-Issue,387,no,,,,,group_only_never_submitted
1842066700,yes,88654,Closed,GPS Control Deviation,2026-05-09 19:38:05,yes,Resolved,Approved,1065,yes,submitted,2026-05-09T23:38:12.987Z,88654,freshdesk,matched
1842287770,yes,87862,Closed,GPS Control Deviation,2026-05-07 18:04:54,yes,Ready to Review,Pending,350,yes,submitted,2026-05-07T22:05:02.215Z,87862,freshdesk,matched
1842637850,yes,89601,Closed,GPS Control Deviation,2026-05-12 14:03:28,yes,Ready to Review,Pending,730,yes,submitted,2026-05-12T18:03:35.208Z,89601,freshdesk,matched
1842666400,no,,,,,yes,Needs Review,Pending,1556,no,,,,,group_only_never_submitted
1842706230,no,,,,,yes,Ready to Review,Pending,991,yes,submitted,2026-05-20T15:04:49.878Z,AAMkAGFhMzgwZGJjLTNkNjktNDlhYS1hM2I4LTE3MmI4YTlkNzhmMgBGAAAAAAAUhYVsiS-zQLf1GEtAsll-BwBVKgS5MpITR5VyLl_UBcCwAAAAAAEPAABVKgS5MpITR5VyLl_UBcCwAAVOMsiGAAA=,outlook_email,submitted_but_not_in_portal_export
1842873910,yes,88293,Closed,GPS Control Deviation,2026-05-08 18:13:31,yes,Ready to Review,Pending,393,yes,submitted,2026-05-08T22:13:38.839Z,88293,freshdesk,matched
1842899200,yes,88511,Closed,GPS Control Deviation,2026-05-09 16:55:34,yes,Ready to Review,Pending,769,yes,submitted,2026-05-09T20:55:41.171Z,88511,freshdesk,matched
1842899240,no,,,,,yes,New,Pending,1491,no,,,,,group_only_never_submitted
1843396600,no,,,,,yes,Resolved,Pending,159,yes,submitted,2026-04-29T15:26:54.721Z,85371,freshdesk,submitted_matched_by_ticket_id_only
1843689650,no,,,,,yes,Awaiting Response,Pending,864,yes,submitted,2026-05-20T22:01:51.457Z,AAMkAGFhMzgwZGJjLTNkNjktNDlhYS1hM2I4LTE3MmI4YTlkNzhmMgBGAAAAAAAUhYVsiS-zQLf1GEtAsll-BwBVKgS5MpITR5VyLl_UBcCwAAAAAAEPAABVKgS5MpITR5VyLl_UBcCwAAVOMsiLAAA=,outlook_email,submitted_but_not_in_portal_export
1843689670,yes,88626,Closed,GPS Control Deviation,2026-05-09 19:29:46,yes,Ready to Review,Pending,1006,no,,,,,on_portal_but_we_have_not_submitted
1843895000,yes,88261,Closed,GPS Control Deviation,2026-05-08 18:04:24,yes,Ready to Review,Pending,412,yes,submitted,2026-05-08T22:04:31.885Z,88261,freshdesk,matched
1844199410,yes,88650,Closed,GPS Control Deviation,2026-05-09 19:36:54,yes,Resolved,Approved,1072,yes,submitted,2026-05-09T23:37:01.806Z,88650,freshdesk,matched
1844329230,no,,,,,yes,Awaiting Response,Pending,1127,yes,submitted,2026-05-18T18:02:04.898Z,portal-1779127324770,outlook_email,submitted_but_not_in_portal_export
1844329240,no,,,,,yes,New,Pending,1337,no,,,,,group_only_never_submitted
1844360240,yes,87854,Closed,GPS Control Deviation,2026-05-07 18:02:30,yes,Ready to Review,Pending,375,yes,submitted,2026-05-07T22:02:38.433Z,87854,freshdesk,matched
1844462320,no,,,,,yes,Resolved,Pending,178,yes,submitted,2026-04-29T13:37:25.899Z,85282,freshdesk,submitted_matched_by_ticket_id_only
1844470720,no,,,,,yes,New,Pending,1884,no,,,,,group_only_never_submitted
1844497880,yes,88551,Closed,GPS Control Deviation,2026-05-09 17:30:06,yes,Resolved,Approved,1067,yes,submitted,2026-05-09T21:30:14.126Z,88551,freshdesk,matched
1844502540,yes,88295,Closed,GPS Control Deviation,2026-05-08 18:14:07,yes,Ready to Review,Pending,386,yes,submitted,2026-05-08T22:14:15.399Z,88295,freshdesk,matched
1844613890,no,,,,,yes,Ready to Review,Pending,1248,yes,submitted,2026-05-21T18:00:50.435Z,AAMkAGFhMzgwZGJjLTNkNjktNDlhYS1hM2I4LTE3MmI4YTlkNzhmMgBGAAAAAAAUhYVsiS-zQLf1GEtAsll-BwBVKgS5MpITR5VyLl_UBcCwAAAAAAEPAABVKgS5MpITR5VyLl_UBcCwAAVOMsjAAAA=,outlook_email,submitted_but_not_in_portal_export
1844864670,no,,,,,yes,Resolved,Non-Issue,858,no,,,,,group_only_never_submitted
1844917270,yes,92160,Closed,GPS Control Deviation,2026-05-20 11:01:50,yes,Ready to Review,Pending,1754,yes,submitted,2026-05-20T15:01:57.567Z,92160,freshdesk,matched
1845043220,yes,85107,Closed,GPS Control Deviation,2026-04-28 19:04:33,yes,Resolved,Pending,50,yes,submitted,2026-04-28T23:04:40.584Z,85107,freshdesk,matched
1845043270,yes,88537,Closed,GPS Control Deviation,2026-05-09 17:02:27,yes,Ready to Review,Pending,745,yes,submitted,2026-05-09T21:02:34.930Z,88537,freshdesk,matched
1845043460,no,,,,,yes,Needs Review,Pending,1562,no,,,,,group_only_never_submitted
1845079550,yes,89608,Closed,GPS Control Deviation,2026-05-12 14:05:28,yes,Ready to Review,Pending,719,yes,submitted,2026-05-12T18:05:36.261Z,89608,freshdesk,matched
1845093410,no,,,,,yes,Resolved,No Action Needed,79,yes,submitted,2026-04-28T21:24:58.856Z,85000,freshdesk,submitted_matched_by_ticket_id_only
1845093530,yes,88688,Closed,GPS Control Deviation,2026-05-09 19:47:33,yes,Ready to Review,Pending,926,no,,,,,on_portal_but_we_have_not_submitted
1845479280,yes,88132,Closed,GPS Control Deviation,2026-05-08 14:01:13,yes,Denied,Denied,431,yes,submitted,2026-05-08T18:01:21.177Z,88132,freshdesk,matched
1845479290,yes,88523,Closed,GPS Control Deviation,2026-05-09 16:58:56,yes,Denied,Denied,624,yes,submitted,2026-05-09T20:59:03.652Z,88523,freshdesk,matched
1845534860,yes,87758,Closed,GPS Control Deviation,2026-05-07 14:00:44,yes,Ready to Review,Pending,359,no,,,,,on_portal_but_we_have_not_submitted
1845542020,no,,,,,yes,New,Pending,1601,no,,,,,group_only_never_submitted
1845573610,yes,91629,Closed,GPS Control Deviation,2026-05-19 11:00:51,yes,Ready to Review,Pending,1209,yes,submitted,2026-05-19T15:00:58.648Z,91629,freshdesk,matched
1846045330,yes,85161,Closed,GPS Control Deviation,2026-04-28 19:19:56,yes,Resolved,Approved,176,yes,submitted,2026-04-28T23:20:03.270Z,85161,freshdesk,matched
1846089520,yes,88458,Closed,GPS Control Deviation,2026-05-09 16:40:58,yes,Ready to Review,Pending,592,yes,submitted,2026-05-09T20:41:05.634Z,88458,freshdesk,matched
1846818870,yes,85120,Closed,GPS Control Deviation,2026-04-28 19:06:27,yes,Resolved,No Action Needed,108,yes,submitted,2026-04-28T23:06:34.392Z,85120,freshdesk,matched
1847398500,yes,88395,Closed,GPS Control Deviation,2026-05-09 16:17:43,yes,Ready to Review,Pending,575,yes,submitted,2026-05-09T20:17:50.334Z,88395,freshdesk,matched
1847462810,no,,,,,yes,Resolved,No Action Needed,149,yes,submitted,2026-04-28T22:18:32.464Z,85077,freshdesk,submitted_matched_by_ticket_id_only
1847580740,yes,88686,Closed,GPS Control Deviation,2026-05-09 19:46:55,yes,Ready to Review,Pending,1035,no,,,,,on_portal_but_we_have_not_submitted
1847918090,yes,88444,Closed,GPS Control Deviation,2026-05-09 16:37:00,yes,Ready to Review,Pending,601,yes,submitted,2026-05-09T20:37:07.308Z,88444,freshdesk,matched
1848054200,yes,87158,Closed,GPS Control Deviation,2026-05-05 18:00:10,yes,Ready to Review,Pending,325,yes,submitted,2026-05-05T22:00:17.875Z,87158,freshdesk,matched
1848054260,yes,88562,Closed,GPS Control Deviation,2026-05-09 17:33:19,yes,Ready to Review,Pending,791,no,,,,,on_portal_but_we_have_not_submitted
1848206320,yes,85718|85716,Closed|Closed,GPS Control Deviation,2026-04-30 11:00:34,yes,Ready to Review,Pending,269,yes,submitted|submitted,2026-04-30T15:00:26.479Z,85716|85718,freshdesk|freshdesk,matched
1848377730,yes,85075,Closed,GPS Control Deviation,2026-04-28 18:16:27,yes,Resolved,No Action Needed,88,yes,submitted,2026-04-28T22:16:43.460Z,85075,freshdesk,matched
1848384320,no,,,,,yes,Resolved,Non-Issue,279,no,,,,,group_only_never_submitted
1848421270,no,,,,,yes,Resolved,Non-Issue,335,no,,,,,group_only_never_submitted
1848480300,no,,,,,yes,Needs Review,Pending,1568,no,,,,,group_only_never_submitted
1848806840,yes,91505,Closed,GPS Control Deviation,2026-05-18 22:28:43,yes,Ready to Review,Pending,1181,yes,submitted,2026-05-19T02:30:05.780Z,91505,freshdesk,matched
1848957560,no,,,,,yes,Resolved,No Action Needed,145,yes,submitted|submitted|submitted|submitted,2026-04-28T21:20:46.815Z,84987|84986|84985|84984,freshdesk|freshdesk|freshdesk|freshdesk,submitted_matched_by_ticket_id_only
1848959040,yes,88346,Closed,GPS Control Deviation,2026-05-09 12:43:03,yes,Ready to Review,Pending,502,yes,submitted,2026-05-09T16:43:10.065Z,88346,freshdesk,matched
1849160800,yes,88689,Closed,GPS Control Deviation,2026-05-09 19:47:49,yes,Ready to Review,Pending,924,no,,,,,on_portal_but_we_have_not_submitted
1849163690,yes,88416,Closed,GPS Control Deviation,2026-05-09 16:22:40,yes,Ready to Review,Pending,551,yes,submitted,2026-05-09T20:22:47.200Z,88416,freshdesk,matched
1849189340,yes,88658,Closed,GPS Control Deviation,2026-05-09 19:39:11,yes,Ready to Review,Pending,959,no,,,,,on_portal_but_we_have_not_submitted
1849197790,no,,,,,yes,Resolved,Pending,165,yes,submitted,2026-04-29T14:50:58.823Z,85329,freshdesk,submitted_matched_by_ticket_id_only
1849221980,yes,85065,Closed,GPS Control Deviation,2026-04-28 18:09:03,yes,Resolved,No Action Needed,89,yes,submitted,2026-04-28T22:09:10.524Z,85065,freshdesk,matched
1849539250,no,,,,,yes,New,Pending,1649,no,,,,,group_only_never_submitted
1849676140,no,,,,,yes,Needs Review,Pending,1358,no,,,,,group_only_never_submitted
1849723120,no,,,,,yes,Ready to Review,Pending,684,yes,submitted,2026-05-19T15:00:18.009Z,AAMkAGFhMzgwZGJjLTNkNjktNDlhYS1hM2I4LTE3MmI4YTlkNzhmMgBGAAAAAAAUhYVsiS-zQLf1GEtAsll-BwBVKgS5MpITR5VyLl_UBcCwAAAAAAEPAABVKgS5MpITR5VyLl_UBcCwAAVNCWJAAAA=,outlook_email,submitted_but_not_in_portal_export
1849951770,yes,87868,Closed,GPS Control Deviation,2026-05-07 18:06:19,yes,Resolved,Approved,354,yes,submitted,2026-05-07T22:06:27.188Z,87868,freshdesk,matched
1849978490,yes,88036,Closed,GPS Control Deviation,2026-05-08 11:00:18,yes,Ready to Review,Pending,489,yes,submitted,2026-05-08T15:00:26.058Z,88036,freshdesk,matched
1850081360,yes,85993,Closed,GPS Control Deviation,2026-04-30 18:05:57,yes,Ready to Review,Pending,232,yes,submitted,2026-04-30T22:07:29.135Z,85993,freshdesk,matched
1850083280,yes,88275,Closed,GPS Control Deviation,2026-05-08 18:08:17,yes,Denied,Denied,409,yes,submitted,2026-05-08T22:08:24.372Z,88275,freshdesk,matched
1850120000,no,,,,,yes,Ready to Review,Pending,582,yes,submitted,2026-05-09T20:24:20.806Z,AAMkAGFhMzgwZGJjLTNkNjktNDlhYS1hM2I4LTE3MmI4YTlkNzhmMgBGAAAAAAAUhYVsiS-zQLf1GEtAsll-BwBVKgS5MpITR5VyLl_UBcCwAAAAAAEPAABVKgS5MpITR5VyLl_UBcCwAAVG5lb-AAA=,outlook_email,submitted_but_not_in_portal_export
1850184530,no,,,,,yes,New,Pending,1193,no,,,,,group_only_never_submitted
1850245180,yes,88049,Closed,GPS Control Deviation,2026-05-08 11:03:48,yes,Ready to Review,Pending,492,yes,submitted,2026-05-08T15:03:56.544Z,88049,freshdesk,matched
1850487010,no,,,,,yes,Resolved,Pending,192,yes,submitted,2026-04-29T14:47:14.085Z,85326,freshdesk,submitted_matched_by_ticket_id_only
1850505370,no,,,,,yes,Resolved,Pending,163,yes,submitted,2026-04-29T15:20:58.653Z,85367,freshdesk,submitted_matched_by_ticket_id_only
1850584080,yes,88485,Closed,GPS Control Deviation,2026-05-09 16:48:32,yes,Resolved,Approved,821,yes,submitted,2026-05-09T20:48:40.059Z,88485,freshdesk,matched
1850591540,yes,85994,Closed,GPS Control Deviation,2026-04-30 18:12:34,yes,Resolved,Approved,474,yes,submitted,2026-04-30T22:13:22.719Z,85994,freshdesk,matched
1850591670,no,,,,,yes,Expired,Pending,252,no,,,,,group_only_never_submitted
1850804760,no,,,,,yes,Ready to Review,Pending,301,yes,submitted,2026-05-05T19:14:13.743Z,AAMkAGFhMzgwZGJjLTNkNjktNDlhYS1hM2I4LTE3MmI4YTlkNzhmMgBGAAAAAAAUhYVsiS-zQLf1GEtAsll-BwBVKgS5MpITR5VyLl_UBcCwAAAAAAEPAABVKgS5MpITR5VyLl_UBcCwAAVEZFMWAAA=,outlook_email,submitted_but_not_in_portal_export
1850836510,no,,,,,yes,Expired,Pending,212,no,,,,,group_only_never_submitted
1851063380,yes,86801,Closed,GPS Control Deviation,2026-05-04 18:00:19,yes,Ready to Review,Pending,298,yes,submitted,2026-05-04T22:00:26.724Z,86801,freshdesk,matched
1851134790,no,,,,,yes,Resolved,No Action Needed,62,yes,submitted|submitted|submitted|submitted|submitted|submitted|submitted|submitted|submitted|submitted,2026-04-28T21:36:03.028Z,85023|85022|85021|85020|85019|85018|85017|85016|85015|85014,freshdesk|freshdesk|freshdesk|freshdesk|freshdesk|freshdesk|freshdesk|freshdesk|freshdesk|freshdesk,submitted_matched_by_ticket_id_only
1851137400,no,,,,,no,,,,yes,submitted,2026-05-15T18:06:06.144Z,AAMkAGFhMzgwZGJjLTNkNjktNDlhYS1hM2I4LTE3MmI4YTlkNzhmMgBGAAAAAAAUhYVsiS-zQLf1GEtAsll-BwBVKgS5MpITR5VyLl_UBcCwAAAAAAEPAABVKgS5MpITR5VyLl_UBcCwAAVJxve6AAA=,outlook_email,submitted_but_not_in_portal_export
1851234700,yes,92307,Closed,GPS Control Deviation,2026-05-20 14:11:55,yes,Ready to Review,Pending,1784,yes,submitted,2026-05-20T18:12:02.541Z,92307,freshdesk,matched
1851271830,yes,88633,Closed,GPS Control Deviation,2026-05-09 19:31:48,yes,Ready to Review,Pending,1033,no,,,,,on_portal_but_we_have_not_submitted
1851288880,no,,,,,yes,Resolved,No Action Needed,65,yes,submitted,2026-04-28T21:44:16.989Z,85035,freshdesk,submitted_matched_by_ticket_id_only
1851328310,no,,,,,yes,Resolved,Non-Issue,706,no,,,,,group_only_never_submitted
1851446990,no,,,,,yes,Ready to Review,Pending,466,yes,submitted,2026-05-08T22:13:17.748Z,AAMkAGFhMzgwZGJjLTNkNjktNDlhYS1hM2I4LTE3MmI4YTlkNzhmMgBGAAAAAAAUhYVsiS-zQLf1GEtAsll-BwBVKgS5MpITR5VyLl_UBcCwAAAAAAEPAABVKgS5MpITR5VyLl_UBcCwAAVGLGUKAAA=,outlook_email,submitted_but_not_in_portal_export
1851476930,no,,,,,yes,Expired,Pending,215,no,,,,,group_only_never_submitted
1851511470,yes,85112,Closed,GPS Control Deviation,2026-04-28 19:05:20,yes,Resolved,No Action Needed,74,yes,submitted,2026-04-28T23:05:27.995Z,85112,freshdesk,matched
1851549000,no,,,,,yes,New,Pending,1475,no,,,,,group_only_never_submitted
1851554220,no,,,,,yes,Portal Queued,Pending,15,no,,,,,group_only_never_submitted
1851566390,yes,85074,Closed,GPS Control Deviation,2026-04-28 18:14:48,yes,Resolved,No Action Needed,85,yes,submitted,2026-04-28T22:15:18.080Z,85074,freshdesk,matched
1851620870,no,,,,,yes,Resolved,No Action Needed,519,no,,,,,group_only_never_submitted
1851644580,yes,85123,Closed,GPS Control Deviation,2026-04-28 19:07:32,yes,Resolved,No Action Needed,140,yes,submitted,2026-04-28T23:07:40.307Z,85123,freshdesk,matched
1851677960,no,,,,,yes,New,Pending,1686,no,,,,,group_only_never_submitted
1851677970,yes,92272,Closed,GPS Control Deviation,2026-05-20 14:01:08,yes,Ready to Review,Pending,1779,yes,submitted,2026-05-20T18:01:15.849Z,92272,freshdesk,matched
1851677980,no,,,,,yes,New,Pending,1810,no,,,,,group_only_never_submitted
1851677990,no,,,,,yes,New,Pending,1857,no,,,,,group_only_never_submitted
1851774760,yes,87135,Closed,GPS Control Deviation,2026-05-05 16:48:09,yes,Ready to Review,Pending,336,yes,submitted,2026-05-05T20:48:17.001Z,87135,freshdesk,matched
1851962660,no,,,,,yes,Resolved,No Action Needed,97,yes,submitted,2026-04-28T23:06:50.007Z,portal-1777417609771,outlook_email,submitted_but_not_in_portal_export
1851982680,yes,87138,Closed,GPS Control Deviation,2026-05-05 16:49:02,yes,Ready to Review,Pending,340,yes,submitted,2026-05-05T20:49:09.314Z,87138,freshdesk,matched
1851987130,no,,,,,yes,Resolved,Pending,196,yes,submitted,2026-04-29T15:12:04.288Z,85351,freshdesk,submitted_matched_by_ticket_id_only
1852064220,yes,87851,Closed,GPS Control Deviation,2026-05-07 18:01:54,yes,Ready to Review,Pending,362,yes,submitted,2026-05-07T22:02:02.428Z,87851,freshdesk,matched
1852072120,yes,88566,Closed,GPS Control Deviation,2026-05-09 17:34:32,yes,Ready to Review,Pending,874,no,,,,,on_portal_but_we_have_not_submitted
1852113730,yes,88499,Closed,GPS Control Deviation,2026-05-09 16:52:26,yes,Ready to Review,Pending,804,yes,submitted,2026-05-09T20:52:33.372Z,88499,freshdesk,matched
1852130220,yes,85145,Closed,GPS Control Deviation,2026-04-28 19:16:20,yes,Resolved,No Action Needed,70,yes,submitted,2026-04-28T23:16:27.180Z,85145,freshdesk,matched
1852367960,yes,88257,Closed,GPS Control Deviation,2026-05-08 18:03:17,yes,Ready to Review,Pending,413,yes,submitted,2026-05-08T22:03:24.272Z,88257,freshdesk,matched
1852397820,yes,88277,Closed,GPS Control Deviation,2026-05-08 18:08:50,yes,Ready to Review,Pending,441,yes,submitted,2026-05-08T22:08:57.860Z,88277,freshdesk,matched
1852398750,no,,,,,yes,Awaiting Response,Pending,21,yes,submitted,2026-04-28T23:07:13.007Z,portal-1777417632794,outlook_email,submitted_but_not_in_portal_export
1852398780,yes,88565,Closed,GPS Control Deviation,2026-05-09 17:34:15,yes,Ready to Review,Pending,875,yes,submitted,2026-05-09T21:34:23.428Z,88565,freshdesk,matched
1852398810,yes,92297,Closed,GPS Control Deviation,2026-05-20 14:09:10,yes,Ready to Review,Pending,1120,yes,submitted,2026-05-20T18:09:17.931Z,92297,freshdesk,matched
1852398840,no,,,,,yes,New,Pending,1277,no,,,,,group_only_never_submitted
1852398880,no,,,,,yes,New,Pending,1823,no,,,,,group_only_never_submitted
1852412710,no,,,,,yes,Resolved,Pending,157,yes,submitted,2026-04-29T13:48:17.387Z,85288,freshdesk,submitted_matched_by_ticket_id_only
1852527230,yes,88526,Closed,GPS Control Deviation,2026-05-09 16:59:48,yes,Ready to Review,Pending,639,yes,submitted,2026-05-09T20:59:55.171Z,88526,freshdesk,matched
1852543460,yes,85051|85050|85049|85048|85047|85046|85045|85044|85043|85042|85041|85040,Closed|Closed|Closed|Closed|Closed|Closed|Closed|Closed|Closed|Closed|Closed|Closed,GPS Control Deviation,2026-04-28 18:05:25,yes,Resolved,No Action Needed,150,yes,submitted|submitted|submitted|submitted|submitted|submitted|submitted|submitted|submitted|submitted|submitted|submitted|submitted|submitted|submitted,2026-04-28T22:05:32.724Z,85051|85050|85049|85048|85047|85046|85045|85044|85043|85042|85041|85040|85039|85038|85037,freshdesk|freshdesk|freshdesk|freshdesk|freshdesk|freshdesk|freshdesk|freshdesk|freshdesk|freshdesk|freshdesk|freshdesk|freshdesk|freshdesk|freshdesk,matched
1852573610,yes,85142,Closed,GPS Control Deviation,2026-04-28 19:14:58,yes,Resolved,No Action Needed,128,yes,submitted,2026-04-28T23:15:06.093Z,85142,freshdesk,matched
1852599100,yes,92275,Closed,GPS Control Deviation,2026-05-20 14:02:13,yes,Ready to Review,Pending,1300,yes,submitted,2026-05-20T18:02:21.869Z,92275,freshdesk,matched
1852609380,no,,,,,yes,Resolved,Pending,181,yes,submitted,2026-04-29T13:01:13.656Z,85240,freshdesk,submitted_matched_by_ticket_id_only
1852609410,no,,,,,yes,Expired,Pending,259,no,,,,,group_only_never_submitted
1852609430,no,,,,,yes,Expired,Pending,290,no,,,,,group_only_never_submitted
1852609470,yes,87320,Closed,GPS Control Deviation,2026-05-06 11:01:09,yes,Resolved,Approved,304,yes,submitted,2026-05-06T15:01:17.966Z,87320,freshdesk,matched
1852610640,yes,88255,Closed,GPS Control Deviation,2026-05-08 18:02:44,yes,Ready to Review,Pending,435,yes,submitted,2026-05-08T22:02:52.452Z,88255,freshdesk,matched
1852610650,yes,87894,Closed,GPS Control Deviation,2026-05-07 22:00:20,yes,Resolved,Approved,470,yes,submitted,2026-05-08T02:00:28.549Z,87894,freshdesk,matched
1852610660,yes,88387,Closed,GPS Control Deviation,2026-05-09 16:15:36,yes,Ready to Review,Pending,512,yes,submitted,2026-05-09T20:15:47.170Z,88387,freshdesk,matched
1852610680,yes,88470,Closed,GPS Control Deviation,2026-05-09 16:44:18,yes,Ready to Review,Pending,611,yes,submitted,2026-05-09T20:45:50.287Z,88470,freshdesk,matched
1852610690,yes,88465,Closed,GPS Control Deviation,2026-05-09 16:42:58,yes,Ready to Review,Pending,661,yes,submitted,2026-05-09T20:43:06.092Z,88465,freshdesk,matched
1852610700,yes,90675,Closed,GPS Control Deviation,2026-05-15 14:04:11,yes,Ready to Review,Pending,828,yes,submitted,2026-05-15T18:04:19.945Z,90675,freshdesk,matched
1852610710,yes,88678,Closed,GPS Control Deviation,2026-05-09 19:44:38,yes,Ready to Review,Pending,867,yes,submitted,2026-05-09T23:44:46.098Z,88678,freshdesk,matched
1852643480,no,,,,,no,,,,yes,submitted,2026-05-20T22:41:48.057Z,AAMkAGFhMzgwZGJjLTNkNjktNDlhYS1hM2I4LTE3MmI4YTlkNzhmMgBGAAAAAAAUhYVsiS-zQLf1GEtAsll-BwBVKgS5MpITR5VyLl_UBcCwAAAAAAEPAABVKgS5MpITR5VyLl_UBcCwAAVOMsiVAAA=,outlook_email,submitted_but_not_in_portal_export
1852653090,yes,90073,Closed,GPS Control Deviation,2026-05-13 18:01:35,yes,Ready to Review,Pending,923,yes,submitted,2026-05-13T22:01:42.635Z,90073,freshdesk,matched
1852654940,yes,87164,Closed,GPS Control Deviation,2026-05-05 18:01:53,yes,Ready to Review,Pending,332,yes,submitted,2026-05-05T22:02:00.453Z,87164,freshdesk,matched
1852747070,yes,85061,Closed,GPS Control Deviation,2026-04-28 18:07:57,yes,Resolved,No Action Needed,78,yes,submitted,2026-04-28T22:08:04.437Z,85061,freshdesk,matched
1852760180,no,,,,,yes,Resolved,Pending,167,yes,submitted,2026-04-29T14:53:26.248Z,85332,freshdesk,submitted_matched_by_ticket_id_only
1852761930,no,,,,,yes,Resolved,No Action Needed,86,yes,submitted,2026-04-28T21:29:01.880Z,85008,freshdesk,submitted_matched_by_ticket_id_only
1852790030,yes,88290,Closed,GPS Control Deviation,2026-05-08 18:12:30,yes,Ready to Review,Pending,396,yes,submitted,2026-05-08T22:12:37.332Z,88290,freshdesk,matched
1852827480,no,,,,,yes,Expired,Pending,264,no,,,,,group_only_never_submitted
1852902240,no,,,,,yes,Resolved,No Action Needed,110,yes,submitted,2026-04-28T21:30:58.911Z,85013,freshdesk,submitted_matched_by_ticket_id_only
1852902300,yes,88559,Closed,GPS Control Deviation,2026-05-09 17:32:30,yes,Ready to Review,Pending,942,no,,,,,on_portal_but_we_have_not_submitted
1852917170,yes,85067,Closed,GPS Control Deviation,2026-04-28 18:09:35,yes,Resolved,No Action Needed,131,yes,submitted,2026-04-28T22:09:42.891Z,85067,freshdesk,matched
1852976000,no,,,,,yes,Resolved,No Action Needed,106,no,,,,,group_only_never_submitted
1853072180,yes,85131,Closed,GPS Control Deviation,2026-04-28 19:08:36,yes,Resolved,No Action Needed,144,yes,submitted,2026-04-28T23:08:44.169Z,85131,freshdesk,matched
1853129790,no,,,,,yes,Resolved,Pending,194,yes,submitted,2026-04-29T13:21:47.097Z,85266,freshdesk,submitted_matched_by_ticket_id_only
1853169520,yes,89475,Closed,GPS Control Deviation,2026-05-12 11:01:31,yes,Resolved,Approved,831,yes,submitted,2026-05-12T15:01:39.171Z,89475,freshdesk,matched
1853176210,yes,87846,Closed,GPS Control Deviation,2026-05-07 18:00:18,yes,Ready to Review,Pending,365,yes,submitted,2026-05-07T22:00:25.384Z,87846,freshdesk,matched
1853316220,yes,90467,Closed,GPS Control Deviation,2026-05-14 17:06:48,yes,Ready to Review,Pending,989,yes,submitted,2026-05-14T21:06:55.959Z,90467,freshdesk,matched
1853373680,no,,,,,yes,Resolved,Pending,193,yes,submitted,2026-04-29T14:39:04.195Z,85317,freshdesk,submitted_matched_by_ticket_id_only
1853395590,yes,88250,Closed,GPS Control Deviation,2026-05-08 18:01:38,yes,Ready to Review,Pending,415,yes,submitted,2026-05-08T22:01:45.292Z,88250,freshdesk,matched
1853419460,yes,85114,Closed,GPS Control Deviation,2026-04-28 19:05:37,yes,Resolved,No Action Needed,95,yes,submitted,2026-04-28T23:05:44.194Z,85114,freshdesk,matched
1853441170,no,,,,,yes,Resolved,Pending,272,yes,submitted,2026-04-29T17:18:58.224Z,85416,freshdesk,submitted_matched_by_ticket_id_only
1853451390,no,,,,,yes,Resolved,No Action Needed,125,yes,submitted,2026-04-28T21:30:02.010Z,85010,freshdesk,submitted_matched_by_ticket_id_only
1853454050,no,,,,,yes,Resolved,No Action Needed,80,yes,submitted,2026-04-28T21:28:29.183Z,85007,freshdesk,submitted_matched_by_ticket_id_only
1853553160,no,,,,,yes,Expired,Pending,224,no,,,,,group_only_never_submitted
1853570390,yes,85888,Closed,GPS Control Deviation,2026-04-30 14:00:16,yes,Denied,Denied,266,yes,submitted,2026-04-30T18:00:23.884Z,85888,freshdesk,matched
1853626480,yes,85068,Closed,GPS Control Deviation,2026-04-28 18:09:52,yes,Resolved,No Action Needed,93,yes,submitted,2026-04-28T22:09:59.102Z,85068,freshdesk,matched
1853681480,no,,,,,yes,Expired,Pending,371,no,,,,,group_only_never_submitted
1853684280,no,,,,,yes,New,Pending,1250,no,,,,,group_only_never_submitted
1853850990,yes,85889,Closed,GPS Control Deviation,2026-04-30 14:00:31,yes,Resolved,Approved,241,yes,submitted,2026-04-30T18:00:38.675Z,85889,freshdesk,matched
1853858630,yes,88605,Closed,GPS Control Deviation,2026-05-09 17:45:28,yes,Ready to Review,Pending,779,no,,,,,on_portal_but_we_have_not_submitted
1853859580,yes,85121,Closed,GPS Control Deviation,2026-04-28 19:06:30,yes,Resolved,No Action Needed,136,yes,submitted|submitted,2026-04-28T23:06:38.921Z,85121|portal-1777417741499,freshdesk|outlook_email,matched
1853873600,yes,88482,Closed,GPS Control Deviation,2026-05-09 16:47:37,yes,Resolved,Approved,824,yes,submitted,2026-05-09T20:47:44.864Z,88482,freshdesk,matched
1853877420,yes,89590,Closed,GPS Control Deviation,2026-05-12 14:00:21,yes,Ready to Review,Pending,742,yes,submitted,2026-05-12T18:00:29.039Z,89590,freshdesk,matched
1853907480,no,,,,,yes,Resolved,No Action Needed,111,no,,,,,group_only_never_submitted
1853920310,no,,,,,yes,Resolved,No Action Needed,123,yes,submitted,2026-04-28T23:07:07.498Z,portal-1777417627006,outlook_email,submitted_but_not_in_portal_export
1853940580,no,,,,,yes,Resolved,Pending,158,yes,submitted,2026-04-29T15:18:03.445Z,85361,freshdesk,submitted_matched_by_ticket_id_only
1853940620,yes,87134,Closed,GPS Control Deviation,2026-05-05 16:47:54,yes,Ready to Review,Pending,337,yes,submitted,2026-05-05T20:48:01.219Z,87134,freshdesk,matched
1853940690,yes,88037,Closed,GPS Control Deviation,2026-05-08 11:00:36,yes,Ready to Review,Pending,490,yes,submitted,2026-05-08T15:00:43.135Z,88037,freshdesk,matched
1853941440,yes,88394,Closed,GPS Control Deviation,2026-05-09 16:17:28,yes,Ready to Review,Pending,579,yes,submitted,2026-05-09T20:17:35.041Z,88394,freshdesk,matched
1853969630,no,,,,,yes,Awaiting Response,Pending,602,yes,submitted,2026-05-09T20:40:32.034Z,AAMkAGFhMzgwZGJjLTNkNjktNDlhYS1hM2I4LTE3MmI4YTlkNzhmMgBGAAAAAAAUhYVsiS-zQLf1GEtAsll-BwBVKgS5MpITR5VyLl_UBcCwAAAAAAEPAABVKgS5MpITR5VyLl_UBcCwAAVG5lcFAAA=,outlook_email,submitted_but_not_in_portal_export
1854036110,no,,,,,yes,Resolved,No Action Needed,92,yes,submitted,2026-04-28T21:22:55.740Z,84995,freshdesk,submitted_matched_by_ticket_id_only
1854058610,yes,85063|85060|85059|85058|85056|85055|85054|85053,Closed|Closed|Closed|Closed|Closed|Closed|Closed|Closed,GPS Control Deviation,2026-04-28 18:08:30,yes,Resolved,No Action Needed,119,yes,submitted|submitted|submitted|submitted|submitted|submitted|submitted|submitted,2026-04-28T22:08:37.584Z,85063|85060|85059|85058|85056|85055|85054|85053,freshdesk|freshdesk|freshdesk|freshdesk|freshdesk|freshdesk|freshdesk|freshdesk,matched
1854063320,no,,,,,yes,Resolved,No Action Needed,105,yes,submitted,2026-04-28T21:21:02.993Z,84988,freshdesk,submitted_matched_by_ticket_id_only
1854100180,no,,,,,yes,Resolved,No Action Needed,115,yes,submitted,2026-04-28T23:07:22.895Z,portal-1777417642750,outlook_email,submitted_but_not_in_portal_export
1854104160,no,,,,,yes,Resolved,Approved,182,yes,submitted,2026-04-29T13:15:49.712Z,85255,freshdesk,submitted_matched_by_ticket_id_only
1854105900,no,,,,,yes,Expired,Pending,254,no,,,,,group_only_never_submitted
1854134910,yes,85451,Closed,GPS Control Deviation,2026-04-29 14:32:10,yes,Ready to Review,Pending,221,yes,submitted,2026-04-29T18:32:16.951Z,85451,freshdesk,matched
1854145350,no,,,,,yes,Resolved,Approved,514,no,,,,,group_only_never_submitted
1854145840,yes,90677,Closed,GPS Control Deviation,2026-05-15 14:04:55,yes,Ready to Review,Pending,1111,yes,submitted,2026-05-15T18:05:03.033Z,90677,freshdesk,matched
1854146890,yes,85117,Closed,GPS Control Deviation,2026-04-28 19:05:54,yes,Resolved,No Action Needed,91,yes,submitted,2026-04-28T23:06:01.814Z,85117,freshdesk,matched
1854167180,no,,,,,yes,Resolved,Pending,187,yes,submitted,2026-04-29T14:34:14.141Z,85311,freshdesk,submitted_matched_by_ticket_id_only
1854176470,no,,,,,yes,Expired,Pending,247,no,,,,,group_only_never_submitted
1854176610,yes,88301,Closed,GPS Control Deviation,2026-05-08 18:15:50,yes,Ready to Review,Pending,394,yes,submitted,2026-05-08T22:15:57.624Z,88301,freshdesk,matched
1854191820,yes,89471,Closed,GPS Control Deviation,2026-05-12 11:00:18,yes,Ready to Review,Pending,633,yes,submitted,2026-05-12T15:00:26.556Z,89471,freshdesk,matched
1854207100,no,,,,,yes,Resolved,No Action Needed,138,yes,submitted,2026-04-28T23:05:10.807Z,portal-1777417510603,outlook_email,submitted_but_not_in_portal_export
1854266720,yes,85066,Closed,GPS Control Deviation,2026-04-28 18:09:19,yes,Resolved,No Action Needed,72,yes,submitted,2026-04-28T22:09:26.687Z,85066,freshdesk,matched
1854333320,no,,,,,yes,Expired,Pending,270,no,,,,,group_only_never_submitted
1854341230,yes,85071,Closed,GPS Control Deviation,2026-04-28 18:12:14,yes,Resolved,No Action Needed,69,yes,submitted,2026-04-28T22:12:28.495Z,85071,freshdesk,matched
1854349170,yes,92419,Closed,GPS Control Deviation,2026-05-20 18:56:35,yes,Ready to Review,Pending,1279,yes,submitted,2026-05-20T22:56:43.005Z,92419,freshdesk,matched
1854423260,yes,87853,Closed,GPS Control Deviation,2026-05-07 18:02:12,yes,Ready to Review,Pending,363,yes,submitted,2026-05-07T22:02:20.073Z,87853,freshdesk,matched
1854435500,no,,,,,yes,Expired,Pending,225,no,,,,,group_only_never_submitted
1854459080,yes,87170,Closed,GPS Control Deviation,2026-05-05 18:08:18,yes,Ready to Review,Pending,309,yes,submitted,2026-05-05T22:08:25.345Z,87170,freshdesk,matched
1854459980,yes,89592,Closed,GPS Control Deviation,2026-05-12 14:00:54,yes,Ready to Review,Pending,740,yes,submitted,2026-05-12T18:01:01.390Z,89592,freshdesk,matched
1854504290,yes,92027|91984|91769,Closed|Closed|Closed,GPS Control Deviation,2026-05-20 08:00:10,yes,Ready to Review,Pending,1262,yes,submitted|submitted|submitted,2026-05-20T12:00:18.106Z,92027|91984|91769,freshdesk|freshdesk|freshdesk,matched
1854509700,no,,,,,yes,Resolved,Non-Issue,237,no,,,,,group_only_never_submitted
1854510670,yes,85137,Closed,GPS Control Deviation,2026-04-28 19:14:24,yes,Resolved,Approved,148,yes,submitted|submitted|submitted|submitted,2026-04-28T23:08:59.787Z,portal-1777417739585|85137|portal-1777418122371|portal-1777418289990,outlook_email|freshdesk|outlook_email|outlook_email,matched
1854528720,yes,85449,Closed,GPS Control Deviation,2026-04-29 14:28:56,yes,Ready to Review,Pending,265,yes,submitted,2026-04-29T18:29:03.135Z,85449,freshdesk,matched
1854529630,no,,,,,yes,Awaiting Response,Pending,837,yes,submitted,2026-05-15T18:03:30.382Z,AAMkAGFhMzgwZGJjLTNkNjktNDlhYS1hM2I4LTE3MmI4YTlkNzhmMgBGAAAAAAAUhYVsiS-zQLf1GEtAsll-BwBVKgS5MpITR5VyLl_UBcCwAAAAAAEPAABVKgS5MpITR5VyLl_UBcCwAAVJxvezAAA=,outlook_email,submitted_but_not_in_portal_export
1854543690,yes,85069,Closed,GPS Control Deviation,2026-04-28 18:10:08,yes,Resolved,No Action Needed,134,yes,submitted,2026-04-28T22:10:17.881Z,85069,freshdesk,matched
1854596020,yes,85237,Closed,GPS Control Deviation,2026-04-29 08:48:32,yes,Resolved,Pending,160,yes,submitted,2026-04-29T12:48:39.544Z,85237,freshdesk,matched
1854602950,yes,85133,Closed,GPS Control Deviation,2026-04-28 19:13:53,yes,Resolved,No Action Needed,84,yes,submitted,2026-04-28T23:14:00.802Z,85133,freshdesk,matched
1854609510,yes,85997,Closed,GPS Control Deviation,2026-04-30 18:27:56,yes,Resolved,Approved,235,yes,submitted,2026-04-30T22:28:33.960Z,85997,freshdesk,matched
1854611550,no,,,,,yes,Expired,Pending,198,no,,,,,group_only_never_submitted
1854639580,no,,,,,yes,Resolved,Pending,174,yes,submitted,2026-04-29T13:40:38.076Z,85284,freshdesk,submitted_matched_by_ticket_id_only
1854643980,no,,,,,yes,Resolved,Pending,248,yes,submitted,2026-04-29T18:12:31.566Z,85442,freshdesk,submitted_matched_by_ticket_id_only
1854653830,no,,,,,yes,Resolved,No Action Needed,96,yes,submitted,2026-04-28T21:37:03.058Z,85026,freshdesk,submitted_matched_by_ticket_id_only
1854660490,yes,85125,Closed,GPS Control Deviation,2026-04-28 19:07:48,yes,Resolved,No Action Needed,122,yes,submitted,2026-04-28T23:07:55.954Z,85125,freshdesk,matched
1854695760,yes,88516,Closed,GPS Control Deviation,2026-05-09 16:56:58,yes,Resolved,Approved,792,yes,submitted,2026-05-09T20:57:05.667Z,88516,freshdesk,matched
1854712100,yes,85104,Closed,GPS Control Deviation,2026-04-28 19:04:16,yes,Resolved,No Action Needed,126,yes,submitted,2026-04-28T23:04:23.508Z,85104,freshdesk,matched
1854716330,yes,88655,Closed,GPS Control Deviation,2026-05-09 19:38:23,yes,Resolved,Approved,1052,yes,submitted,2026-05-09T23:38:30.899Z,88655,freshdesk,matched
1854727780,no,,,,,yes,Resolved,Pending,172,yes,submitted,2026-04-29T13:18:43.601Z,85259,freshdesk,submitted_matched_by_ticket_id_only
1854734080,yes,85116,Closed,GPS Control Deviation,2026-04-28 19:05:54,yes,Resolved,No Action Needed,127,yes,submitted,2026-04-28T23:06:02.111Z,85116,freshdesk,matched
1854734290,no,,,,,yes,Expired,Pending,262,no,,,,,group_only_never_submitted
1854739160,yes,85052,Closed,GPS Control Deviation,2026-04-28 18:05:42,yes,Resolved,No Action Needed,132,yes,submitted,2026-04-28T22:05:49.757Z,85052,freshdesk,matched
1854838710,yes,85160,Closed,GPS Control Deviation,2026-04-28 19:19:39,yes,Resolved,Approved,100,yes,submitted,2026-04-28T23:19:46.927Z,85160,freshdesk,matched
1854840640,no,,,,,yes,Expired,Pending,236,no,,,,,group_only_never_submitted
1854866980,yes,81187,Closed,GPS Control Deviation,2026-04-15 16:31:42,yes,Ready to Review,Pending,2,yes,submitted|submitted,2026-04-15T20:31:50.247Z,81187|portal-1777418269408,freshdesk|outlook_email,matched
1854872540,yes,87860,Closed,GPS Control Deviation,2026-05-07 18:04:18,yes,Ready to Review,Pending,358,yes,submitted,2026-05-07T22:04:26.336Z,87860,freshdesk,matched
1854876270,no,,,,,yes,Resolved,Pending,183,yes,submitted,2026-04-29T15:14:53.496Z,85355,freshdesk,submitted_matched_by_ticket_id_only
1854880200,yes,92402,Closed,GPS Control Deviation,2026-05-20 18:35:39,yes,Ready to Review,Pending,1281,yes,submitted,2026-05-20T22:36:42.908Z,92402,freshdesk,matched
1854889660,no,,,,,yes,Denied,Denied,191,yes,submitted,2026-04-29T13:55:34.287Z,85296,freshdesk,submitted_matched_by_ticket_id_only
1854896640,no,,,,,yes,Resolved,Non-Issue,953,no,,,,,group_only_never_submitted
1854900230,yes,88568,Closed,GPS Control Deviation,2026-05-09 17:35:07,yes,Ready to Review,Pending,950,no,,,,,on_portal_but_we_have_not_submitted
1854902170,yes,88424,Closed,GPS Control Deviation,2026-05-09 16:25:03,yes,Ready to Review,Pending,553,yes,submitted,2026-05-09T20:25:10.583Z,88424,freshdesk,matched
1854928160,no,,,,,yes,Resolved,No Action Needed,98,yes,submitted,2026-04-28T21:41:03.005Z,85029,freshdesk,submitted_matched_by_ticket_id_only
1854930810,no,,,,,yes,Expired,Pending,210,no,,,,,group_only_never_submitted
1854963030,yes,85140,Closed,GPS Control Deviation,2026-04-28 19:14:41,yes,Resolved,No Action Needed,152,yes,submitted,2026-04-28T23:14:48.874Z,85140,freshdesk,matched
1854965350,no,,,,,yes,Resolved,No Action Needed,130,yes,submitted,2026-04-28T21:24:26.117Z,84999,freshdesk,submitted_matched_by_ticket_id_only
1854967780,no,,,,,yes,Resolved,No Action Needed,153,no,,,,,group_only_never_submitted
1854985550,yes,85108,Closed,GPS Control Deviation,2026-04-28 19:04:47,yes,Resolved,No Action Needed,90,yes,submitted,2026-04-28T23:04:54.566Z,85108,freshdesk,matched
1854986040,no,,,,,yes,Expired,Pending,222,no,,,,,group_only_never_submitted
1854997310,yes,85062,Closed,GPS Control Deviation,2026-04-28 18:08:13,yes,Resolved,No Action Needed,139,yes,submitted,2026-04-28T22:08:20.109Z,85062,freshdesk,matched
1854999190,yes,85719,Closed,GPS Control Deviation,2026-04-30 11:00:50,yes,Ready to Review,Pending,257,yes,submitted,2026-04-30T15:00:58.149Z,85719,freshdesk,matched
1854999220,yes,85135,Closed,GPS Control Deviation,2026-04-28 19:14:09,yes,Resolved,No Action Needed,58,yes,submitted,2026-04-28T23:14:16.905Z,85135,freshdesk,matched
1855003770,no,,,,,yes,Expired,Pending,201,no,,,,,group_only_never_submitted
1855018970,no,,,,,yes,Resolved,No Action Needed,76,yes,submitted,2026-04-28T21:26:55.890Z,85004,freshdesk,submitted_matched_by_ticket_id_only
1855019540,yes,85720,Closed,GPS Control Deviation,2026-04-30 11:01:06,yes,Ready to Review,Pending,242,yes,submitted,2026-04-30T15:01:14.065Z,85720,freshdesk,matched
1855020090,no,,,,,yes,Expired,Pending,267,no,,,,,group_only_never_submitted
1855029970,no,,,,,yes,Expired,Pending,202,no,,,,,group_only_never_submitted
1855065680,no,,,,,yes,Resolved,No Action Needed,112,no,,,,,group_only_never_submitted
1855067110,no,,,,,yes,Resolved,No Action Needed,56,yes,submitted,2026-04-28T23:03:24.390Z,85100,freshdesk,submitted_matched_by_ticket_id_only
1855128460,yes,88252,Closed,GPS Control Deviation,2026-05-08 18:02:09,yes,Ready to Review,Pending,407,yes,submitted,2026-05-08T22:02:16.339Z,88252,freshdesk,matched
1855138880,yes,85444,Closed,GPS Control Deviation,2026-04-29 14:17:01,yes,Denied,Denied,207,yes,submitted,2026-04-29T18:17:08.632Z,85444,freshdesk,matched
1855159470,yes,85106,Closed,GPS Control Deviation,2026-04-28 19:04:32,yes,Resolved,No Action Needed,118,yes,submitted,2026-04-28T23:04:39.095Z,85106,freshdesk,matched
1855228040,yes,85099,Closed,GPS Control Deviation,2026-04-28 19:00:30,yes,Resolved,No Action Needed,151,yes,submitted,2026-04-28T23:02:36.754Z,85099,freshdesk,matched
1855241540,yes,85426,Closed,GPS Control Deviation,2026-04-29 13:34:46,yes,Ready to Review,Pending,211,yes,submitted,2026-04-29T17:34:53.447Z,85426,freshdesk,matched
1855245620,no,,,,,yes,Expired,Pending,227,no,,,,,group_only_never_submitted
1855250950,no,,,,,yes,Resolved,No Action Needed,117,yes,submitted,2026-04-28T21:38:32.989Z,85027,freshdesk,submitted_matched_by_ticket_id_only
1855253750,no,,,,,yes,Resolved,No Action Needed,114,yes,submitted,2026-04-28T21:45:41.596Z,85036,freshdesk,submitted_matched_by_ticket_id_only
1855262100,yes,85440,Closed,GPS Control Deviation,2026-04-29 14:08:24,yes,Ready to Review,Pending,208,yes,submitted,2026-04-29T18:08:32.275Z,85440,freshdesk,matched
1855277160,yes,88264,Closed,GPS Control Deviation,2026-05-08 18:05:13,yes,Ready to Review,Pending,437,yes,submitted,2026-05-08T22:05:20.763Z,88264,freshdesk,matched
1855282270,no,,,,,yes,Expired,Pending,214,no,,,,,group_only_never_submitted
1855318560,no,,,,,yes,Resolved,Pending,186,yes,submitted,2026-04-29T13:13:29.990Z,85253,freshdesk,submitted_matched_by_ticket_id_only
1855345510,no,,,,,yes,Resolved,Pending,190,yes,submitted,2026-04-29T15:35:29.684Z,85378,freshdesk,submitted_matched_by_ticket_id_only
1855362510,no,,,,,yes,Resolved,No Action Needed,135,yes,submitted,2026-04-28T21:26:31.957Z,85003,freshdesk,submitted_matched_by_ticket_id_only
1855372860,yes,85113,Closed,GPS Control Deviation,2026-04-28 19:05:22,yes,Resolved,No Action Needed,137,yes,submitted,2026-04-28T23:05:29.605Z,85113,freshdesk,matched
1855378920,yes,85159|85158|85157|85130|85095|85096|85091|85089|85087|85084|85083,Closed|Closed|Closed|Closed|Closed|Closed|Closed|Closed|Closed|Closed|Closed,GPS Control Deviation,2026-04-28 19:19:23,yes,Resolved,No Action Needed,102,yes,submitted|submitted|submitted|submitted|submitted|submitted|submitted|submitted|submitted|submitted,2026-04-28T22:59:35.358Z,85095|85091|85089|85158|85130|85159|85096|85157|85084|85083,freshdesk|freshdesk|freshdesk|freshdesk|freshdesk|freshdesk|freshdesk|freshdesk|freshdesk|freshdesk,matched
1855383600,no,,,,,yes,Expired,Pending,204,no,,,,,group_only_never_submitted
1855400490,no,,,,,yes,Resolved,No Action Needed,142,no,,,,,group_only_never_submitted
1855411380,yes,88563,Closed,GPS Control Deviation,2026-05-09 17:33:36,yes,Ready to Review,Pending,911,yes,submitted,2026-05-09T21:33:44.290Z,88563,freshdesk,matched
1855424110,no,,,,,yes,Resolved,Non-Issue,274,no,,,,,group_only_never_submitted
1855430350,no,,,,,yes,Resolved,No Action Needed,146,yes,submitted,2026-04-28T21:22:25.881Z,84993,freshdesk,submitted_matched_by_ticket_id_only
1855487380,yes,88580,Closed,GPS Control Deviation,2026-05-09 17:38:33,yes,Ready to Review,Pending,947,no,,,,,on_portal_but_we_have_not_submitted
1855512460,yes,85093,Closed,GPS Control Deviation,2026-04-28 18:58:50,yes,Resolved,No Action Needed,116,yes,submitted,2026-04-28T22:59:00.250Z,85093,freshdesk,matched
1855513640,no,,,,,yes,Resolved,No Action Needed,124,yes,submitted|submitted,2026-04-28T21:30:31.904Z,85011|85005,freshdesk|freshdesk,submitted_matched_by_ticket_id_only
1855525230,yes,85235,Closed,GPS Control Deviation,2026-04-29 08:41:28,yes,Resolved,Pending,161,yes,submitted,2026-04-29T12:41:35.494Z,85235,freshdesk,matched
1855534920,no,,,,,yes,Resolved,No Action Needed,120,yes,submitted,2026-04-28T23:15:56.365Z,portal-1777418155973,outlook_email,submitted_but_not_in_portal_export
1855540150,no,,,,,yes,Resolved,No Action Needed,121,yes,submitted,2026-04-28T21:22:40.576Z,84994,freshdesk,submitted_matched_by_ticket_id_only
1855566300,no,,,,,yes,Expired,Pending,200,no,,,,,group_only_never_submitted
1855568150,yes,88263,Closed,GPS Control Deviation,2026-05-08 18:04:56,yes,Ready to Review,Pending,404,yes,submitted,2026-05-08T22:05:04.027Z,88263,freshdesk,matched
1855579000,no,,,,,yes,Resolved,No Action Needed,129,yes,submitted|submitted,2026-04-28T21:19:42.820Z,84983|84982,freshdesk|freshdesk,submitted_matched_by_ticket_id_only
1855582000,yes,88671,Closed,GPS Control Deviation,2026-05-09 19:42:45,yes,Ready to Review,Pending,656,no,,,,,on_portal_but_we_have_not_submitted
1855588450,no,,,,,yes,Resolved,Pending,188,yes,submitted,2026-04-29T13:30:03.276Z,85274,freshdesk,submitted_matched_by_ticket_id_only
1855757610,no,,,,,yes,Resolved,Pending,171,yes,submitted,2026-04-29T15:32:27.581Z,85376,freshdesk,submitted_matched_by_ticket_id_only
1855786440,no,,,,,yes,Resolved,Pending,164,yes,submitted,2026-04-29T13:11:00.129Z,85251,freshdesk,submitted_matched_by_ticket_id_only
1855788320,yes,88601,Closed,GPS Control Deviation,2026-05-09 17:44:25,yes,Ready to Review,Pending,778,no,,,,,on_portal_but_we_have_not_submitted
1855801360,no,,,,,yes,Resolved,Pending,169,yes,submitted,2026-04-29T15:03:49.225Z,85341,freshdesk,submitted_matched_by_ticket_id_only
1855806560,no,,,,,yes,Resolved,Pending,166,yes,submitted,2026-04-29T14:36:29.020Z,85314,freshdesk,submitted_matched_by_ticket_id_only
1855812510,yes,85101,Closed,GPS Control Deviation,2026-04-28 19:03:13,yes,Resolved,No Action Needed,141,yes,submitted,2026-04-28T23:03:24.404Z,85101,freshdesk,matched
1855844500,yes,85097,Closed,GPS Control Deviation,2026-04-28 18:59:56,yes,Resolved,No Action Needed,154,yes,submitted,2026-04-28T23:00:08.292Z,85097,freshdesk,matched
1855848290,no,,,,,yes,Ready to Review,Pending,185,yes,submitted,2026-04-29T14:57:54.655Z,85337,freshdesk,submitted_matched_by_ticket_id_only
1855855900,no,,,,,yes,Ready to Review,Pending,233,yes,submitted,2026-05-01T15:01:12.278Z,AAMkAGFhMzgwZGJjLTNkNjktNDlhYS1hM2I4LTE3MmI4YTlkNzhmMgBGAAAAAAAUhYVsiS-zQLf1GEtAsll-BwBVKgS5MpITR5VyLl_UBcCwAAAAAAEPAABVKgS5MpITR5VyLl_UBcCwAAVBGlq1AAA=,outlook_email,submitted_but_not_in_portal_export
1855879050,no,,,,,yes,Expired,Pending,277,no,,,,,group_only_never_submitted
1855902870,yes,87161,Closed,GPS Control Deviation,2026-05-05 18:01:02,yes,Ready to Review,Pending,327,yes,submitted,2026-05-05T22:01:09.964Z,87161,freshdesk,matched
1855942940,no,,,,,yes,Needs Review,Pending,223,no,,,,,group_only_never_submitted
1855948370,no,,,,,yes,Expired,Pending,213,no,,,,,group_only_never_submitted
1855950390,no,,,,,yes,Expired,Pending,206,no,,,,,group_only_never_submitted
1855950650,no,,,,,yes,Resolved,No Action Needed,155,no,,,,,group_only_never_submitted
1855950760,no,,,,,yes,Needs Review,Pending,229,no,,,,,group_only_never_submitted
1855952820,no,,,,,yes,Denied,Denied,217,yes,submitted,2026-05-01T15:00:34.659Z,AAMkAGFhMzgwZGJjLTNkNjktNDlhYS1hM2I4LTE3MmI4YTlkNzhmMgBGAAAAAAAUhYVsiS-zQLf1GEtAsll-BwBVKgS5MpITR5VyLl_UBcCwAAAAAAEPAABVKgS5MpITR5VyLl_UBcCwAAVBGlq0AAA=,outlook_email,submitted_but_not_in_portal_export
1855954650,no,,,,,yes,Resolved,Pending,195,yes,submitted,2026-04-29T13:33:13.181Z,85278,freshdesk,submitted_matched_by_ticket_id_only
1855976160,yes,87850,Closed,GPS Control Deviation,2026-05-07 18:01:38,yes,Ready to Review,Pending,351,yes,submitted,2026-05-07T22:01:45.864Z,87850,freshdesk,matched
1855987150,no,,,,,yes,Resolved,Non-Issue,428,no,,,,,group_only_never_submitted
1856002250,no,,,,,yes,Expired,Pending,231,no,,,,,group_only_never_submitted
1856019630,no,,,,,yes,Expired,Pending,261,no,,,,,group_only_never_submitted
1856037860,no,,,,,yes,Expired,Pending,226,no,,,,,group_only_never_submitted
1856101360,no,,,,,yes,Expired,Pending,230,no,,,,,group_only_never_submitted
1856270640,no,,,,,yes,Resolved,Non-Issue,168,no,,,,,group_only_never_submitted
1856292750,yes,87866,Closed,GPS Control Deviation,2026-05-07 18:05:45,yes,Ready to Review,Pending,353,yes,submitted,2026-05-07T22:05:52.827Z,87866,freshdesk,matched
1856304270,no,,,,,yes,Expired,Pending,203,no,,,,,group_only_never_submitted
1856345000,yes,88249,Closed,GPS Control Deviation,2026-05-08 18:01:23,yes,Ready to Review,Pending,416,yes,submitted,2026-05-08T22:01:30.040Z,88249,freshdesk,matched
1856350900,no,,,,,yes,Resolved,Pending,177,yes,submitted,2026-04-29T14:41:47.964Z,85321,freshdesk,submitted_matched_by_ticket_id_only
1856367590,no,,,,,yes,Resolved,Pending,175,yes,submitted,2026-04-29T13:08:24.415Z,85250,freshdesk,submitted_matched_by_ticket_id_only
1856423220,no,,,,,yes,Resolved,Non-Issue,543,no,,,,,group_only_never_submitted
1856444080,no,,,,,yes,Resolved,Non-Issue,246,no,,,,,group_only_never_submitted
1856507290,no,,,,,yes,Expired,Pending,289,no,,,,,group_only_never_submitted
1856515090,no,,,,,yes,Denied,Pending,23,no,,,,,group_only_never_submitted
1856536940,yes,88283,Closed,GPS Control Deviation,2026-05-08 18:10:32,yes,Ready to Review,Pending,403,yes,submitted,2026-05-08T22:10:39.812Z,88283,freshdesk,matched
1856567990,yes,87142,Closed,GPS Control Deviation,2026-05-05 16:50:14,yes,Ready to Review,Pending,341,yes,submitted,2026-05-05T20:50:22.408Z,87142,freshdesk,matched
1856591330,no,,,,,yes,Expired,Pending,239,no,,,,,group_only_never_submitted
1856606300,yes,88517,Closed,GPS Control Deviation,2026-05-09 16:57:16,yes,Ready to Review,Pending,789,yes,submitted,2026-05-09T20:57:23.682Z,88517,freshdesk,matched
1856644670,yes,85398,Closed,GPS Control Deviation,2026-04-29 12:45:52,yes,Ready to Review,Pending,180,yes,submitted,2026-04-29T16:46:00.352Z,85398,freshdesk,matched
1856755340,no,,,,,yes,Expired,Pending,205,no,,,,,group_only_never_submitted
1856770940,no,,,,,yes,Expired,Pending,275,no,,,,,group_only_never_submitted
1856782250,no,,,,,yes,New,Pending,1530,no,,,,,group_only_never_submitted
1856786900,no,,,,,yes,Awaiting Response,Pending,618,yes,submitted,2026-05-09T20:36:32.961Z,AAMkAGFhMzgwZGJjLTNkNjktNDlhYS1hM2I4LTE3MmI4YTlkNzhmMgBGAAAAAAAUhYVsiS-zQLf1GEtAsll-BwBVKgS5MpITR5VyLl_UBcCwAAAAAAEPAABVKgS5MpITR5VyLl_UBcCwAAVG5lcCAAA=,outlook_email,submitted_but_not_in_portal_export
1856850490,no,,,,,yes,Expired,Pending,218,no,,,,,group_only_never_submitted
1856909340,yes,92433,Closed,GPS Control Deviation,2026-05-20 21:10:45,yes,Ready to Review,Pending,1113,yes,submitted,2026-05-21T01:10:53.253Z,92433,freshdesk,matched
1856909400,no,,,,,yes,New,Pending,1271,no,,,,,group_only_never_submitted
1856914190,yes,88372,Closed,GPS Control Deviation,2026-05-09 16:11:17,yes,Ready to Review,Pending,530,yes,submitted,2026-05-09T20:11:25.423Z,88372,freshdesk,matched
1856925370,yes,88280,Closed,GPS Control Deviation,2026-05-08 18:09:40,yes,Ready to Review,Pending,402,yes,submitted,2026-05-08T22:09:47.523Z,88280,freshdesk,matched
1856958660,yes,88266,Closed,GPS Control Deviation,2026-05-08 18:05:46,yes,Ready to Review,Pending,411,yes,submitted,2026-05-08T22:05:53.791Z,88266,freshdesk,matched
1856990030,yes,89609,Closed,GPS Control Deviation,2026-05-12 14:05:45,yes,Ready to Review,Pending,717,yes,submitted,2026-05-12T18:05:53.474Z,89609,freshdesk,matched
1857046080,yes,88448,Closed,GPS Control Deviation,2026-05-09 16:38:15,yes,Ready to Review,Pending,609,yes,submitted,2026-05-09T20:38:21.980Z,88448,freshdesk,matched
1857076530,no,,,,,yes,New,Pending,1242,no,,,,,group_only_never_submitted
1857105500,yes,85428,Closed,GPS Control Deviation,2026-04-29 13:36:34,yes,Denied,Denied,292,yes,submitted,2026-04-29T17:36:42.363Z,85428,freshdesk,matched
1857126350,no,,,,,yes,Ready to Review,Pending,311,yes,submitted,2026-05-06T15:01:34.046Z,87321,freshdesk,submitted_matched_by_ticket_id_only
1857181540,no,,,,,yes,Expired,Pending,281,no,,,,,group_only_never_submitted
1857206330,yes,89599,Closed,GPS Control Deviation,2026-05-12 14:02:54,yes,Ready to Review,Pending,728,yes,submitted,2026-05-12T18:03:01.089Z,89599,freshdesk,matched
1857264590,no,,,,,yes,Expired,Pending,199,no,,,,,group_only_never_submitted
1857265510,no,,,,,yes,Expired,Pending,276,no,,,,,group_only_never_submitted
1857301070,no,,,,,yes,Resolved,Non-Issue,376,no,,,,,group_only_never_submitted
1857311760,yes,88247,Closed,GPS Control Deviation,2026-05-08 18:00:50,yes,Resolved,Approved,419,yes,submitted,2026-05-08T22:00:57.303Z,88247,freshdesk,matched
1857318570,yes,88552,Closed,GPS Control Deviation,2026-05-09 17:30:23,yes,Ready to Review,Pending,709,no,,,,,on_portal_but_we_have_not_submitted
1857361390,no,,,,,yes,Resolved,Non-Issue,282,no,,,,,group_only_never_submitted
1857363100,no,,,,,yes,Expired,Pending,256,no,,,,,group_only_never_submitted
1857405840,no,,,,,yes,Ready to Review,Pending,308,yes,submitted,2026-05-05T20:49:14.955Z,AAMkAGFhMzgwZGJjLTNkNjktNDlhYS1hM2I4LTE3MmI4YTlkNzhmMgBGAAAAAAAUhYVsiS-zQLf1GEtAsll-BwBVKgS5MpITR5VyLl_UBcCwAAAAAAEPAABVKgS5MpITR5VyLl_UBcCwAAVEZFMYAAA=,outlook_email,submitted_but_not_in_portal_export
1857419810,yes,87159,Closed,GPS Control Deviation,2026-05-05 18:00:28,yes,Ready to Review,Pending,317,yes,submitted,2026-05-05T22:00:35.588Z,87159,freshdesk,matched
1857444480,no,,,,,yes,Expired,Pending,240,no,,,,,group_only_never_submitted
1857445340,yes,86804,Closed,GPS Control Deviation,2026-05-04 18:01:08,yes,Denied,Denied,293,yes,submitted,2026-05-04T22:01:15.912Z,86804,freshdesk,matched
1857451670,yes,87319,Closed,GPS Control Deviation,2026-05-06 11:00:52,yes,Resolved,Approved,303,yes,submitted,2026-05-06T15:00:59.814Z,87319,freshdesk,matched
1857479390,no,,,,,yes,Expired,Pending,465,no,,,,,group_only_never_submitted
1857620080,no,,,,,yes,Expired,Pending,244,no,,,,,group_only_never_submitted
1857683040,yes,88618,Closed,GPS Control Deviation,2026-05-09 19:27:28,yes,Ready to Review,Pending,1020,no,,,,,on_portal_but_we_have_not_submitted
1857718090,yes,87133,Closed,GPS Control Deviation,2026-05-05 16:47:37,yes,Ready to Review,Pending,338,yes,submitted,2026-05-05T20:47:44.987Z,87133,freshdesk,matched
1857731880,no,,,,,yes,Expired,Pending,249,no,,,,,group_only_never_submitted
1857732970,no,,,,,yes,Resolved,Non-Issue,245,no,,,,,group_only_never_submitted
1857743700,no,,,,,yes,Expired,Pending,243,no,,,,,group_only_never_submitted
1857746010,yes,87162,Closed,GPS Control Deviation,2026-05-05 18:01:19,yes,Ready to Review,Pending,307,yes,submitted,2026-05-05T22:01:26.311Z,87162,freshdesk,matched
1857779860,yes,88410,Closed,GPS Control Deviation,2026-05-09 16:21:15,yes,Ready to Review,Pending,562,yes,submitted,2026-05-09T20:21:22.525Z,88410,freshdesk,matched
1857814610,no,,,,,yes,Resolved,Non-Issue,251,no,,,,,group_only_never_submitted
1857853610,no,,,,,yes,Resolved,Non-Issue,342,no,,,,,group_only_never_submitted
1857860880,yes,91101,Closed,GPS Control Deviation,2026-05-18 11:00:10,yes,Ready to Review,Pending,1157,yes,submitted,2026-05-18T15:00:18.104Z,91101,freshdesk,matched
1857862040,no,,,,,yes,Resolved,Pending,352,yes,submitted,2026-05-07T22:05:36.521Z,87864,freshdesk,submitted_matched_by_ticket_id_only
1857867950,yes,88268,Closed,GPS Control Deviation,2026-05-08 18:06:18,yes,Ready to Review,Pending,439,yes,submitted,2026-05-08T22:06:25.889Z,88268,freshdesk,matched
1857868680,no,,,,,yes,Resolved,Non-Issue,283,no,,,,,group_only_never_submitted
1857890860,no,,,,,yes,Ready to Review,Pending,312,yes,submitted,2026-05-05T22:03:41.135Z,AAMkAGFhMzgwZGJjLTNkNjktNDlhYS1hM2I4LTE3MmI4YTlkNzhmMgBGAAAAAAAUhYVsiS-zQLf1GEtAsll-BwBVKgS5MpITR5VyLl_UBcCwAAAAAAEPAABVKgS5MpITR5VyLl_UBcCwAAVEZFMaAAA=,outlook_email,submitted_but_not_in_portal_export
1857891790,yes,89981,Closed,GPS Control Deviation,2026-05-13 14:04:41,yes,Ready to Review,Pending,676,yes,submitted,2026-05-13T18:04:51.025Z,89981,freshdesk,matched
1857915050,yes,87166,Closed,GPS Control Deviation,2026-05-05 18:02:26,yes,Ready to Review,Pending,319,yes,submitted,2026-05-05T22:02:33.785Z,87166,freshdesk,matched
1857942000,no,,,,,yes,Resolved,Non-Issue,496,no,,,,,group_only_never_submitted
1857952680,yes,88048,Closed,GPS Control Deviation,2026-05-08 11:03:31,yes,Ready to Review,Pending,486,yes,submitted,2026-05-08T15:03:38.548Z,88048,freshdesk,matched
1857954530,no,,,,,yes,Ready to Review,Pending,316,yes,submitted,2026-05-05T20:48:53.103Z,AAMkAGFhMzgwZGJjLTNkNjktNDlhYS1hM2I4LTE3MmI4YTlkNzhmMgBGAAAAAAAUhYVsiS-zQLf1GEtAsll-BwBVKgS5MpITR5VyLl_UBcCwAAAAAAEPAABVKgS5MpITR5VyLl_UBcCwAAVEZFMXAAA=,outlook_email,submitted_but_not_in_portal_export
1857967070,no,,,,,yes,Awaiting Response,Pending,552,yes,submitted,2026-05-14T21:07:21.524Z,AAMkAGFhMzgwZGJjLTNkNjktNDlhYS1hM2I4LTE3MmI4YTlkNzhmMgBGAAAAAAAUhYVsiS-zQLf1GEtAsll-BwBVKgS5MpITR5VyLl_UBcCwAAAAAAEPAABVKgS5MpITR5VyLl_UBcCwAAVJxveaAAA=,outlook_email,submitted_but_not_in_portal_export
1857969190,no,,,,,yes,Expired,Pending,253,no,,,,,group_only_never_submitted
1857975130,no,,,,,yes,Ready to Review,Pending,321,yes,submitted,2026-05-05T22:02:57.887Z,AAMkAGFhMzgwZGJjLTNkNjktNDlhYS1hM2I4LTE3MmI4YTlkNzhmMgBGAAAAAAAUhYVsiS-zQLf1GEtAsll-BwBVKgS5MpITR5VyLl_UBcCwAAAAAAEPAABVKgS5MpITR5VyLl_UBcCwAAVEZFMZAAA=,outlook_email,submitted_but_not_in_portal_export
1857990710,yes,88469,Closed,GPS Control Deviation,2026-05-09 16:44:11,yes,Ready to Review,Pending,653,yes,submitted,2026-05-09T20:44:18.545Z,88469,freshdesk,matched
1858007300,yes,87863,Closed,GPS Control Deviation,2026-05-07 18:05:13,yes,Ready to Review,Pending,356,yes,submitted,2026-05-07T22:05:20.864Z,87863,freshdesk,matched
1858008690,no,,,,,yes,Expired,Pending,291,no,,,,,group_only_never_submitted
1858051570,yes,86802,Closed,GPS Control Deviation,2026-05-04 18:00:36,yes,Ready to Review,Pending,296,yes,submitted,2026-05-04T22:00:43.066Z,86802,freshdesk,matched
1858054540,yes,88506,Closed,GPS Control Deviation,2026-05-09 16:54:12,yes,Ready to Review,Pending,787,yes,submitted,2026-05-09T20:54:19.691Z,88506,freshdesk,matched
1858069890,no,,,,,yes,Needs Review,Pending,287,no,,,,,group_only_never_submitted
1858070180,no,,,,,yes,Ready to Review,Pending,400,yes,submitted,2026-05-08T22:13:21.839Z,AAMkAGFhMzgwZGJjLTNkNjktNDlhYS1hM2I4LTE3MmI4YTlkNzhmMgBGAAAAAAAUhYVsiS-zQLf1GEtAsll-BwBVKgS5MpITR5VyLl_UBcCwAAAAAAEPAABVKgS5MpITR5VyLl_UBcCwAAVGLGULAAA=,outlook_email,submitted_but_not_in_portal_export
1858114660,no,,,,,yes,Resolved,Non-Issue,324,no,,,,,group_only_never_submitted
1858129690,yes,87141,Closed,GPS Control Deviation,2026-05-05 16:49:57,yes,Ready to Review,Pending,343,yes,submitted,2026-05-05T20:50:04.771Z,87141,freshdesk,matched
1858143440,yes,87849,Closed,GPS Control Deviation,2026-05-07 18:01:20,yes,Ready to Review,Pending,367,yes,submitted,2026-05-07T22:01:27.959Z,87849,freshdesk,matched
1858170990,no,,,,,yes,New,Pending,1236,no,,,,,group_only_never_submitted
1858181310,no,,,,,yes,New,Pending,1677,no,,,,,group_only_never_submitted
1858215710,yes,87322,Closed,GPS Control Deviation,2026-05-06 11:01:42,yes,Ready to Review,Pending,313,yes,submitted,2026-05-06T15:01:50.766Z,87322,freshdesk,matched
1858231280,yes,88259,Closed,GPS Control Deviation,2026-05-08 18:03:51,yes,Ready to Review,Pending,444,yes,submitted,2026-05-08T22:03:59.769Z,88259,freshdesk,matched
1858264940,yes,87405,Closed,GPS Control Deviation,2026-05-06 14:00:55,yes,Ready to Review,Pending,373,yes,submitted,2026-05-06T18:01:03.059Z,87405,freshdesk,matched
1858277620,no,,,,,yes,Expired,Pending,273,no,,,,,group_only_never_submitted
1858290110,yes,88573,Closed,GPS Control Deviation,2026-05-09 17:36:29,yes,Ready to Review,Pending,1040,no,,,,,on_portal_but_we_have_not_submitted
1858351020,yes,87136,Closed,GPS Control Deviation,2026-05-05 16:48:25,yes,Ready to Review,Pending,331,yes,submitted,2026-05-05T20:48:32.514Z,87136,freshdesk,matched
1858371470,yes,87165,Closed,GPS Control Deviation,2026-05-05 18:02:10,yes,Ready to Review,Pending,320,yes,submitted,2026-05-05T22:02:18.055Z,87165,freshdesk,matched
1858377610,no,,,,,yes,Awaiting Response,Pending,1304,yes,submitted,2026-05-22T02:37:03.484Z,AAMkAGFhMzgwZGJjLTNkNjktNDlhYS1hM2I4LTE3MmI4YTlkNzhmMgBGAAAAAAAUhYVsiS-zQLf1GEtAsll-BwBVKgS5MpITR5VyLl_UBcCwAAAAAAEPAABVKgS5MpITR5VyLl_UBcCwAAVPhJdkAAA=,outlook_email,submitted_but_not_in_portal_export
1858408850,no,,,,,yes,Awaiting Response,Pending,516,yes,submitted,2026-05-11T22:42:52.722Z,AAMkAGFhMzgwZGJjLTNkNjktNDlhYS1hM2I4LTE3MmI4YTlkNzhmMgBGAAAAAAAUhYVsiS-zQLf1GEtAsll-BwBVKgS5MpITR5VyLl_UBcCwAAAAAAEPAABVKgS5MpITR5VyLl_UBcCwAAVILckrAAA=,outlook_email,submitted_but_not_in_portal_export
1858422900,yes,87140,Closed,GPS Control Deviation,2026-05-05 16:49:41,yes,Denied,Denied,344,yes,submitted,2026-05-05T20:49:48.171Z,87140,freshdesk,matched
1858430330,no,,,,,yes,Ready to Review,Pending,369,yes,submitted,2026-05-07T22:01:03.931Z,AAMkAGFhMzgwZGJjLTNkNjktNDlhYS1hM2I4LTE3MmI4YTlkNzhmMgBGAAAAAAAUhYVsiS-zQLf1GEtAsll-BwBVKgS5MpITR5VyLl_UBcCwAAAAAAEPAABVKgS5MpITR5VyLl_UBcCwAAVF1DX6AAA=,outlook_email,submitted_but_not_in_portal_export
1858436960,yes,88273,Closed,GPS Control Deviation,2026-05-08 18:07:45,yes,Ready to Review,Pending,410,yes,submitted,2026-05-08T22:07:52.494Z,88273,freshdesk,matched
1858450050,yes,87323,Closed,GPS Control Deviation,2026-05-06 11:02:00,yes,Resolved,Approved,305,yes,submitted,2026-05-06T15:02:08.098Z,87323,freshdesk,matched
1858488950,yes,88622,Closed,GPS Control Deviation,2026-05-09 19:28:37,yes,Ready to Review,Pending,1011,no,,,,,on_portal_but_we_have_not_submitted
1858514570,yes,92173,Closed,GPS Control Deviation,2026-05-20 11:04:59,yes,Ready to Review,Pending,1010,yes,submitted,2026-05-20T15:05:07.189Z,92173,freshdesk,matched
1858518340,no,,,,,yes,Expired,Pending,446,no,,,,,group_only_never_submitted
1858534770,yes,88267,Closed,GPS Control Deviation,2026-05-08 18:06:02,yes,Ready to Review,Pending,451,yes,submitted,2026-05-08T22:06:09.859Z,88267,freshdesk,matched
1858538050,no,,,,,yes,Resolved,Non-Issue,323,no,,,,,group_only_never_submitted
1858544780,no,,,,,yes,Expired,Pending,285,no,,,,,group_only_never_submitted
1858545310,no,,,,,yes,Expired,Pending,284,no,,,,,group_only_never_submitted
1858567760,no,,,,,yes,Resolved,Non-Issue,286,no,,,,,group_only_never_submitted
1858570790,yes,86717,Closed,GPS Control Deviation,2026-05-04 14:39:15,yes,Ready to Review,Pending,294,yes,submitted,2026-05-04T18:39:22.963Z,86717,freshdesk,matched
1858595410,no,,,,,yes,Expired,Pending,383,no,,,,,group_only_never_submitted
1858654520,yes,87139,Closed,GPS Control Deviation,2026-05-05 16:49:24,yes,Ready to Review,Pending,328,yes,submitted,2026-05-05T20:49:32.171Z,87139,freshdesk,matched
1858662120,yes,88461,Closed,GPS Control Deviation,2026-05-09 16:41:51,yes,Ready to Review,Pending,588,yes,submitted,2026-05-09T20:41:58.726Z,88461,freshdesk,matched
1858669120,no,,,,,yes,Resolved,Non-Issue,330,no,,,,,group_only_never_submitted
1858682290,yes,88341,Closed,GPS Control Deviation,2026-05-09 12:41:33,yes,Ready to Review,Pending,532,yes,submitted,2026-05-09T16:41:40.545Z,88341,freshdesk,matched
1858683460,yes,89303|89276,Closed|Closed,GPS Control Deviation,2026-05-12 08:01:22,yes,Ready to Review,Pending,767,yes,submitted,2026-05-12T12:01:29.536Z,89303,freshdesk,matched
1858688450,yes,87757,Closed,GPS Control Deviation,2026-05-07 14:00:28,yes,Ready to Review,Pending,357,no,,,,,on_portal_but_we_have_not_submitted
1858689640,yes,87169,Closed,GPS Control Deviation,2026-05-05 18:03:26,yes,Ready to Review,Pending,318,yes,submitted,2026-05-05T22:03:34.922Z,87169,freshdesk,matched
1858727310,no,,,,,yes,Resolved,Approved,422,no,,,,,group_only_never_submitted
1858775730,yes,89962|89961,Closed|Closed,GPS Control Deviation,2026-05-13 14:00:53,yes,Ready to Review,Pending,681,yes,submitted,2026-05-13T18:01:00.813Z,89962,freshdesk,matched
1858792520,yes,88384,Closed,GPS Control Deviation,2026-05-09 16:14:28,yes,Ready to Review,Pending,517,yes,submitted,2026-05-09T20:14:37.408Z,88384,freshdesk,matched
1858797430,yes,87402,Closed,GPS Control Deviation,2026-05-06 14:00:36,yes,Denied,Denied,380,yes,submitted,2026-05-06T18:00:43.958Z,87402,freshdesk,matched
1858805330,yes,87143,Closed,GPS Control Deviation,2026-05-05 16:50:32,yes,Denied,Denied,339,yes,submitted,2026-05-05T20:50:40.453Z,87143,freshdesk,matched
1858820910,yes,87401,Closed,GPS Control Deviation,2026-05-06 14:00:19,yes,Ready to Review,Pending,381,yes,submitted,2026-05-06T18:00:26.235Z,87401,freshdesk,matched
1858831150,yes,88289,Closed,GPS Control Deviation,2026-05-08 18:12:13,yes,Ready to Review,Pending,454,yes,submitted,2026-05-08T22:12:20.617Z,88289,freshdesk,matched
1858868860,yes,88291,Closed,GPS Control Deviation,2026-05-08 18:12:47,yes,Denied,Denied,460,yes,submitted,2026-05-08T22:12:54.625Z,88291,freshdesk,matched
1858908120,yes,88645,Closed,GPS Control Deviation,2026-05-09 19:35:21,yes,Ready to Review,Pending,1080,yes,submitted,2026-05-09T23:35:28.923Z,88645,freshdesk,matched
1858911480,yes,87400,Closed,GPS Control Deviation,2026-05-06 14:00:18,yes,Resolved,Approved,382,yes,submitted,2026-05-06T18:00:25.288Z,87400,freshdesk,matched
1858915060,yes,88248,Closed,GPS Control Deviation,2026-05-08 18:01:07,yes,Resolved,Approved,418,yes,submitted,2026-05-08T22:01:14.276Z,88248,freshdesk,matched
1858967800,yes,88379,Closed,GPS Control Deviation,2026-05-09 16:13:07,yes,Ready to Review,Pending,525,yes,submitted,2026-05-09T20:13:15.577Z,88379,freshdesk,matched
1858971330,yes,90254,Closed,GPS Control Deviation,2026-05-14 11:00:52,yes,Ready to Review,Pending,919,yes,submitted,2026-05-14T15:01:01.241Z,90254,freshdesk,matched
1858981530,yes,88287,Closed,GPS Control Deviation,2026-05-08 18:11:38,yes,Ready to Review,Pending,461,yes,submitted,2026-05-08T22:11:46.728Z,88287,freshdesk,matched
1858984980,yes,88050,Closed,GPS Control Deviation,2026-05-08 11:04:06,yes,Denied,Denied,494,yes,submitted,2026-05-08T15:04:14.365Z,88050,freshdesk,matched
1858995670,yes,88260,Closed,GPS Control Deviation,2026-05-08 18:04:09,yes,Ready to Review,Pending,457,yes,submitted,2026-05-08T22:04:16.409Z,88260,freshdesk,matched
1858998540,no,,,,,yes,Needs Review,Pending,334,no,,,,,group_only_never_submitted
1859006180,no,,,,,yes,MAS Eligible,Pending,847,no,,,,,group_only_never_submitted
1859022030,no,,,,,yes,New,Pending,1867,no,,,,,group_only_never_submitted
1859039270,yes,88271,Closed,GPS Control Deviation,2026-05-08 18:07:09,yes,Ready to Review,Pending,448,yes,submitted,2026-05-08T22:07:17.123Z,88271,freshdesk,matched
1859040300,yes,88042,Closed,GPS Control Deviation,2026-05-08 11:02:04,yes,Ready to Review,Pending,480,yes,submitted,2026-05-08T15:02:11.507Z,88042,freshdesk,matched
1859065510,yes,88278,Closed,GPS Control Deviation,2026-05-08 18:09:07,yes,Ready to Review,Pending,456,yes,submitted,2026-05-08T22:09:14.871Z,88278,freshdesk,matched
1859087820,no,,,,,yes,Resolved,Non-Issue,464,no,,,,,group_only_never_submitted
1859099250,no,,,,,yes,Resolved,Non-Issue,537,no,,,,,group_only_never_submitted
1859108920,yes,88383,Closed,GPS Control Deviation,2026-05-09 16:14:07,yes,Ready to Review,Pending,518,yes,submitted,2026-05-09T20:14:15.899Z,88383,freshdesk,matched
1859128300,yes,88378,Closed,GPS Control Deviation,2026-05-09 16:12:48,yes,Ready to Review,Pending,526,yes,submitted,2026-05-09T20:12:56.974Z,88378,freshdesk,matched
1859140010,yes,88269,Closed,GPS Control Deviation,2026-05-08 18:06:35,yes,Ready to Review,Pending,459,yes,submitted,2026-05-08T22:06:43.151Z,88269,freshdesk,matched
1859143100,no,,,,,yes,Awaiting Response,Pending,5,yes,submitted,2026-04-28T23:17:32.538Z,portal-1777418252364,outlook_email,submitted_but_not_in_portal_export
1859149450,yes,87137,Closed,GPS Control Deviation,2026-05-05 16:48:41,yes,Ready to Review,Pending,329,yes,submitted,2026-05-05T20:48:48.542Z,87137,freshdesk,matched
1859185290,yes,88403,Closed,GPS Control Deviation,2026-05-09 16:19:35,yes,Ready to Review,Pending,583,yes,submitted,2026-05-09T20:19:42.127Z,88403,freshdesk,matched
1859192680,yes,87856,Closed,GPS Control Deviation,2026-05-07 18:03:07,yes,Ready to Review,Pending,346,yes,submitted,2026-05-07T22:03:15.695Z,87856,freshdesk,matched
1859235010,no,,,,,yes,Expired,Pending,463,no,,,,,group_only_never_submitted
1859255200,yes,88509,Closed,GPS Control Deviation,2026-05-09 16:55:00,yes,Ready to Review,Pending,757,yes,submitted,2026-05-09T20:55:07.423Z,88509,freshdesk,matched
1859255550,no,,,,,no,,,,yes,submitted,2026-05-20T18:00:47.878Z,AAMkAGFhMzgwZGJjLTNkNjktNDlhYS1hM2I4LTE3MmI4YTlkNzhmMgBGAAAAAAAUhYVsiS-zQLf1GEtAsll-BwBVKgS5MpITR5VyLl_UBcCwAAAAAAEPAABVKgS5MpITR5VyLl_UBcCwAAVOMsiHAAA=,outlook_email,submitted_but_not_in_portal_export
1859268490,yes,88251,Closed,GPS Control Deviation,2026-05-08 18:01:54,yes,Ready to Review,Pending,434,yes,submitted,2026-05-08T22:02:01.123Z,88251,freshdesk,matched
1859334340,yes,87899,Closed,GPS Control Deviation,2026-05-07 22:01:45,yes,Ready to Review,Pending,423,yes,submitted,2026-05-08T02:01:52.528Z,87899,freshdesk,matched
1859334640,no,,,,,yes,Resolved,Pending,355,yes,submitted,2026-05-07T22:06:09.020Z,87867,freshdesk,submitted_matched_by_ticket_id_only
1859356210,no,,,,,yes,Resolved,Pending,347,yes,submitted,2026-05-07T22:03:49.875Z,87858,freshdesk,submitted_matched_by_ticket_id_only
1859370960,yes,88297,Closed,GPS Control Deviation,2026-05-08 18:14:41,yes,Ready to Review,Pending,390,yes,submitted,2026-05-08T22:14:48.639Z,88297,freshdesk,matched
1859372090,no,,,,,yes,Resolved,Approved,53,yes,submitted,2026-04-28T23:17:00.594Z,85149,freshdesk,submitted_matched_by_ticket_id_only
1859420660,no,,,,,yes,Needs Review,Pending,326,no,,,,,group_only_never_submitted
1859459440,no,,,,,yes,Awaiting Response,Pending,45,yes,submitted,2026-04-28T23:17:35.255Z,portal-1777418254962,outlook_email,submitted_but_not_in_portal_export
1859461730,yes,88583,Closed,GPS Control Deviation,2026-05-09 17:39:24,yes,Ready to Review,Pending,733,no,,,,,on_portal_but_we_have_not_submitted
1859501050,no,,,,,yes,Resolved,Non-Issue,377,no,,,,,group_only_never_submitted
1859507310,yes,88039,Closed,GPS Control Deviation,2026-05-08 11:01:13,yes,Ready to Review,Pending,487,yes,submitted,2026-05-08T15:01:21.127Z,88039,freshdesk,matched
1859515640,yes,87759,Closed,GPS Control Deviation,2026-05-07 14:01:00,yes,Ready to Review,Pending,366,no,,,,,on_portal_but_we_have_not_submitted
1859519380,yes,90372,Closed,GPS Control Deviation,2026-05-14 14:02:53,yes,Ready to Review,Pending,920,yes,submitted,2026-05-14T18:03:02.548Z,90372,freshdesk,matched
1859531950,no,,,,,yes,Ready to Review,Pending,368,yes,submitted,2026-05-07T22:01:08.852Z,AAMkAGFhMzgwZGJjLTNkNjktNDlhYS1hM2I4LTE3MmI4YTlkNzhmMgBGAAAAAAAUhYVsiS-zQLf1GEtAsll-BwBVKgS5MpITR5VyLl_UBcCwAAAAAAEPAABVKgS5MpITR5VyLl_UBcCwAAVF1DX7AAA=,outlook_email,submitted_but_not_in_portal_export
1859602470,yes,89593,Closed,GPS Control Deviation,2026-05-12 14:01:12,yes,Ready to Review,Pending,720,yes,submitted,2026-05-12T18:01:20.543Z,89593,freshdesk,matched
1859627470,yes,87404,Closed,GPS Control Deviation,2026-05-06 14:00:53,yes,Ready to Review,Pending,372,yes,submitted,2026-05-06T18:01:00.292Z,87404,freshdesk,matched
1859631390,yes,88262,Closed,GPS Control Deviation,2026-05-08 18:04:40,yes,Ready to Review,Pending,405,yes,submitted,2026-05-08T22:04:47.594Z,88262,freshdesk,matched
1859645480,yes,87861,Closed,GPS Control Deviation,2026-05-07 18:04:36,yes,Ready to Review,Pending,374,yes,submitted,2026-05-07T22:04:44.496Z,87861,freshdesk,matched
1859682680,yes,86124,Closed,GPS Control Deviation,2026-05-01 11:00:20,yes,Ready to Review,Pending,482,yes,submitted,2026-05-01T15:00:28.255Z,86124,freshdesk,matched
1859704550,yes,85122,Closed,GPS Control Deviation,2026-04-28 19:07:22,yes,Resolved,Pending,4,yes,submitted,2026-04-28T23:07:29.471Z,85122,freshdesk,matched
1859707490,no,,,,,yes,Expired,Pending,445,no,,,,,group_only_never_submitted
1859709060,no,,,,,yes,New,Pending,1889,no,,,,,group_only_never_submitted
1859715960,yes,88576,Closed,GPS Control Deviation,2026-05-09 17:37:24,yes,Resolved,Approved,1059,yes,submitted,2026-05-09T21:37:32.282Z,88576,freshdesk,matched
1859753990,no,,,,,yes,Resolved,Non-Issue,479,no,,,,,group_only_never_submitted
1859769690,yes,88352,Closed,GPS Control Deviation,2026-05-09 12:44:49,yes,Ready to Review,Pending,506,yes,submitted,2026-05-09T16:44:56.735Z,88352,freshdesk,matched
1859800670,yes,88577,Closed,GPS Control Deviation,2026-05-09 17:37:42,yes,Resolved,Approved,1055,yes,submitted,2026-05-09T21:37:50.068Z,88577,freshdesk,matched
1859801090,yes,88300,Closed,GPS Control Deviation,2026-05-08 18:15:34,yes,Ready to Review,Pending,391,yes,submitted,2026-05-08T22:15:42.016Z,88300,freshdesk,matched
1859837380,yes,85115,Closed,GPS Control Deviation,2026-04-28 19:05:39,yes,Resolved,Pending,43,yes,submitted,2026-04-28T23:05:46.356Z,85115,freshdesk,matched
1859839120,yes,88417,Closed,GPS Control Deviation,2026-05-09 16:22:57,yes,Ready to Review,Pending,522,yes,submitted,2026-05-09T20:23:05.744Z,88417,freshdesk,matched
1859872390,yes,88285,Closed,GPS Control Deviation,2026-05-08 18:11:06,yes,Ready to Review,Pending,401,yes,submitted,2026-05-08T22:11:13.856Z,88285,freshdesk,matched
1859896200,yes,88040,Closed,GPS Control Deviation,2026-05-08 11:01:30,yes,Ready to Review,Pending,478,yes,submitted,2026-05-08T15:01:37.639Z,88040,freshdesk,matched
1859915610,yes,88376,Closed,GPS Control Deviation,2026-05-09 16:12:11,yes,Ready to Review,Pending,528,yes,submitted,2026-05-09T20:12:18.838Z,88376,freshdesk,matched
1859925940,yes,88265,Closed,GPS Control Deviation,2026-05-08 18:05:29,yes,Ready to Review,Pending,447,yes,submitted,2026-05-08T22:05:36.811Z,88265,freshdesk,matched
1859948480,yes,85139,Closed,GPS Control Deviation,2026-04-28 19:14:40,yes,Resolved,Pending,31,yes,submitted,2026-04-28T23:14:47.471Z,85139,freshdesk,matched
1859948720,yes,88256,Closed,GPS Control Deviation,2026-05-08 18:03:01,yes,Ready to Review,Pending,442,yes,submitted,2026-05-08T22:03:08.599Z,88256,freshdesk,matched
1859948970,yes,88374,Closed,GPS Control Deviation,2026-05-09 16:11:35,yes,Ready to Review,Pending,529,yes,submitted,2026-05-09T20:11:42.790Z,88374,freshdesk,matched
1859972270,yes,88254,Closed,GPS Control Deviation,2026-05-08 18:02:26,yes,Ready to Review,Pending,414,yes,submitted,2026-05-08T22:02:34.095Z,88254,freshdesk,matched
1859987390,no,,,,,yes,Denied,Pending,25,no,,,,,group_only_never_submitted
1859997720,no,,,,,yes,Expired,Pending,440,no,,,,,group_only_never_submitted
1860000010,yes,88272,Closed,GPS Control Deviation,2026-05-08 18:07:28,yes,Ready to Review,Pending,450,yes,submitted,2026-05-08T22:07:36.032Z,88272,freshdesk,matched
1860033690,yes,88130,Closed,GPS Control Deviation,2026-05-08 14:00:36,yes,Ready to Review,Pending,498,yes,submitted,2026-05-08T18:00:44.900Z,88130,freshdesk,matched
1860053630,yes,88276,Closed,GPS Control Deviation,2026-05-08 18:08:32,yes,Ready to Review,Pending,421,yes,submitted,2026-05-08T22:08:39.614Z,88276,freshdesk,matched
1860106830,no,,,,,no,,,,yes,submitted,2026-05-20T22:04:30.017Z,AAMkAGFhMzgwZGJjLTNkNjktNDlhYS1hM2I4LTE3MmI4YTlkNzhmMgBGAAAAAAAUhYVsiS-zQLf1GEtAsll-BwBVKgS5MpITR5VyLl_UBcCwAAAAAAEPAABVKgS5MpITR5VyLl_UBcCwAAVOMsiOAAA=,outlook_email,submitted_but_not_in_portal_export
1860108150,yes,88292,Closed,GPS Control Deviation,2026-05-08 18:13:04,yes,Ready to Review,Pending,384,yes,submitted,2026-05-08T22:13:12.352Z,88292,freshdesk,matched
1860148080,yes,88245,Closed,GPS Control Deviation,2026-05-08 18:00:16,yes,Ready to Review,Pending,420,yes,submitted,2026-05-08T22:00:24.142Z,88245,freshdesk,matched
1860151850,no,,,,,yes,Resolved,Non-Issue,379,no,,,,,group_only_never_submitted
1860153920,yes,88282,Closed,GPS Control Deviation,2026-05-08 18:10:15,yes,Ready to Review,Pending,406,yes,submitted,2026-05-08T22:10:22.660Z,88282,freshdesk,matched
1860158840,no,,,,,yes,Expired,Pending,443,no,,,,,group_only_never_submitted
1860177180,yes,88246,Closed,GPS Control Deviation,2026-05-08 18:00:33,yes,Ready to Review,Pending,408,yes,submitted,2026-05-08T22:00:40.880Z,88246,freshdesk,matched
1860297380,no,,,,,yes,Resolved,No Action Needed,531,no,,,,,group_only_never_submitted
1860314310,no,,,,,yes,Expired,Pending,471,no,,,,,group_only_never_submitted
1860337610,yes,88407,Closed,GPS Control Deviation,2026-05-09 16:20:40,yes,Ready to Review,Pending,566,yes,submitted,2026-05-09T20:20:47.878Z,88407,freshdesk,matched
1860341390,no,,,,,yes,Resolved,Non-Issue,491,no,,,,,group_only_never_submitted
1860356740,no,,,,,yes,Resolved,Non-Issue,497,no,,,,,group_only_never_submitted
1860383900,yes,88595,Closed,GPS Control Deviation,2026-05-09 17:42:44,yes,Ready to Review,Pending,882,no,,,,,on_portal_but_we_have_not_submitted
1860388700,no,,,,,yes,Resolved,Non-Issue,417,no,,,,,group_only_never_submitted
1860411550,yes,88548,Closed,GPS Control Deviation,2026-05-09 17:29:16,yes,Ready to Review,Pending,777,no,,,,,on_portal_but_we_have_not_submitted
1860427560,no,,,,,yes,New,Pending,1068,no,,,,,group_only_never_submitted
1860429900,no,,,,,yes,Resolved,Non-Issue,430,no,,,,,group_only_never_submitted
1860437800,yes,87897,Closed,GPS Control Deviation,2026-05-07 22:01:12,yes,Resolved,Approved,424,yes,submitted,2026-05-08T02:01:19.445Z,87897,freshdesk,matched
1860438520,yes,85153|84644,Closed|Closed,GPS Control Deviation,2026-04-28 19:18:18,yes,Ready to Review,Pending,3,yes,submitted,2026-04-28T23:18:25.468Z,85153,freshdesk,matched
1860443060,yes,88480,Closed,GPS Control Deviation,2026-05-09 16:47:02,yes,Ready to Review,Pending,832,yes,submitted,2026-05-09T20:47:09.973Z,88480,freshdesk,matched
1860501860,yes,88348,Closed,GPS Control Deviation,2026-05-09 12:43:38,yes,Ready to Review,Pending,535,yes,submitted,2026-05-09T16:43:46.041Z,88348,freshdesk,matched
1860543930,yes,88596,Closed,GPS Control Deviation,2026-05-09 17:43:00,yes,Ready to Review,Pending,666,no,,,,,on_portal_but_we_have_not_submitted
1860599670,yes,88339,Closed,GPS Control Deviation,2026-05-09 12:40:55,yes,Ready to Review,Pending,545,yes,submitted,2026-05-09T16:41:02.632Z,88339,freshdesk,matched
1860607440,no,,,,,no,,,,yes,submitted,2026-05-20T22:02:44.606Z,AAMkAGFhMzgwZGJjLTNkNjktNDlhYS1hM2I4LTE3MmI4YTlkNzhmMgBGAAAAAAAUhYVsiS-zQLf1GEtAsll-BwBVKgS5MpITR5VyLl_UBcCwAAAAAAEPAABVKgS5MpITR5VyLl_UBcCwAAVOMsiMAAA=,outlook_email,submitted_but_not_in_portal_export
1860615790,yes,88515,Closed,GPS Control Deviation,2026-05-09 16:56:39,yes,Ready to Review,Pending,833,yes,submitted,2026-05-09T20:56:46.319Z,88515,freshdesk,matched
1860633640,yes,88664,Closed,GPS Control Deviation,2026-05-09 19:40:47,yes,Ready to Review,Pending,784,no,,,,,on_portal_but_we_have_not_submitted
1860634140,yes,88270,Closed,GPS Control Deviation,2026-05-08 18:06:51,yes,Ready to Review,Pending,438,yes,submitted,2026-05-08T22:06:58.779Z,88270,freshdesk,matched
1860642930,no,,,,,yes,Expired,Pending,426,no,,,,,group_only_never_submitted
1860670880,yes,89611,Closed,GPS Control Deviation,2026-05-12 14:06:19,yes,Ready to Review,Pending,715,yes,submitted,2026-05-12T18:06:26.920Z,89611,freshdesk,matched
1860712610,yes,90071,Closed,GPS Control Deviation,2026-05-13 18:00:51,yes,Ready to Review,Pending,932,yes,submitted,2026-05-13T22:00:59.484Z,90071,freshdesk,matched
1860713250,no,,,,,yes,Needs Review,Pending,399,no,,,,,group_only_never_submitted
1860722700,yes,88284,Closed,GPS Control Deviation,2026-05-08 18:10:50,yes,Ready to Review,Pending,458,yes,submitted,2026-05-08T22:10:57.578Z,88284,freshdesk,matched
1860724450,no,,,,,yes,Needs Review,Pending,1621,no,,,,,group_only_never_submitted
1860724470,no,,,,,yes,New,Pending,1715,no,,,,,group_only_never_submitted
1860729100,yes,88454,Closed,GPS Control Deviation,2026-05-09 16:39:46,yes,Ready to Review,Pending,598,yes,submitted,2026-05-09T20:39:53.463Z,88454,freshdesk,matched
1860738080,no,,,,,yes,Resolved,Non-Issue,24,no,,,,,group_only_never_submitted
1860745070,no,,,,,yes,Resolved,Non-Issue,587,no,,,,,group_only_never_submitted
1860754260,no,,,,,yes,Resolved,Non-Issue,397,no,,,,,group_only_never_submitted
1860781760,no,,,,,yes,Expired,Pending,481,no,,,,,group_only_never_submitted
1860784450,no,,,,,yes,Resolved,Non-Issue,427,no,,,,,group_only_never_submitted
1860808110,no,,,,,yes,Awaiting Response,Pending,6,yes,submitted,2026-04-28T23:05:12.975Z,portal-1777417512401,outlook_email,submitted_but_not_in_portal_export
1860826840,no,,,,,yes,Awaiting Response,Pending,914,yes,submitted,2026-05-14T15:01:43.821Z,portal-1778770903673,outlook_email,submitted_but_not_in_portal_export
1860873470,yes,88471,Closed,GPS Control Deviation,2026-05-09 16:44:28,yes,Denied,Denied,649,yes,submitted,2026-05-09T20:44:35.331Z,88471,freshdesk,matched
1860879400,no,,,,,yes,Resolved,Non-Issue,539,no,,,,,group_only_never_submitted
1860893080,yes,88414,Closed,GPS Control Deviation,2026-05-09 16:22:23,yes,Ready to Review,Pending,560,yes,submitted,2026-05-09T20:22:31.326Z,88414,freshdesk,matched
1860940600,yes,87848,Closed,GPS Control Deviation,2026-05-07 18:00:50,yes,Ready to Review,Pending,468,no,,,,,on_portal_but_we_have_not_submitted
1860943360,yes,88345,Closed,GPS Control Deviation,2026-05-09 12:42:45,yes,Ready to Review,Pending,503,yes,submitted,2026-05-09T16:42:52.845Z,88345,freshdesk,matched
1861000070,yes,88409,Closed,GPS Control Deviation,2026-05-09 16:20:58,yes,Ready to Review,Pending,563,yes,submitted,2026-05-09T20:21:05.949Z,88409,freshdesk,matched
1861021630,no,,,,,yes,Resolved,Approved,541,no,,,,,group_only_never_submitted
1861043930,no,,,,,yes,New,Pending,1382,no,,,,,group_only_never_submitted
1861051000,yes,83479,Closed,GPS Control Deviation,2026-04-24 00:04:34,yes,Ready to Review,Non-Issue,20,yes,submitted,2026-04-24T04:05:30.697Z,83479,freshdesk,matched
1861073780,yes,88427,Closed,GPS Control Deviation,2026-05-09 16:25:53,yes,Ready to Review,Pending,550,yes,submitted,2026-05-09T20:26:00.760Z,88427,freshdesk,matched
1861094450,yes,88428,Closed,GPS Control Deviation,2026-05-09 16:26:10,yes,Denied,Denied,556,yes,submitted,2026-05-09T20:26:29.785Z,88428,freshdesk,matched
1861097240,yes,88380,Closed,GPS Control Deviation,2026-05-09 16:13:26,yes,Ready to Review,Pending,523,yes,submitted,2026-05-09T20:13:34.396Z,88380,freshdesk,matched
1861148500,yes,86126,Closed,GPS Control Deviation,2026-05-01 11:01:01,yes,Ready to Review,Pending,477,yes,submitted,2026-05-01T15:01:08.942Z,86126,freshdesk,matched
1861148950,no,,,,,yes,New,Pending,1714,no,,,,,group_only_never_submitted
1861157740,no,,,,,yes,Expired,Pending,32,no,,,,,group_only_never_submitted
1861166880,no,,,,,yes,Expired,Pending,462,no,,,,,group_only_never_submitted
1861175670,yes,88343,Closed,GPS Control Deviation,2026-05-09 12:42:10,yes,Ready to Review,Pending,504,yes,submitted,2026-05-09T16:42:17.641Z,88343,freshdesk,matched
1861203960,yes,88443,Closed,GPS Control Deviation,2026-05-09 16:36:43,yes,Denied,Denied,617,yes,submitted,2026-05-09T20:36:51.027Z,88443,freshdesk,matched
1861209580,no,,,,,yes,Resolved,Non-Issue,845,no,,,,,group_only_never_submitted
1861215880,no,,,,,no,,,,yes,submitted,2026-05-19T15:00:33.734Z,AAMkAGFhMzgwZGJjLTNkNjktNDlhYS1hM2I4LTE3MmI4YTlkNzhmMgBGAAAAAAAUhYVsiS-zQLf1GEtAsll-BwBVKgS5MpITR5VyLl_UBcCwAAAAAAEPAABVKgS5MpITR5VyLl_UBcCwAAVNCWJCAAA=,outlook_email,submitted_but_not_in_portal_export
1861218550,yes,88505,Closed,GPS Control Deviation,2026-05-09 16:53:57,yes,Ready to Review,Pending,797,yes,submitted,2026-05-09T20:54:04.234Z,88505,freshdesk,matched
1861228670,no,,,,,yes,Resolved,Non-Issue,581,no,,,,,group_only_never_submitted
1861230850,yes,88344,Closed,GPS Control Deviation,2026-05-09 12:42:28,yes,Ready to Review,Pending,542,yes,submitted,2026-05-09T16:42:35.022Z,88344,freshdesk,matched
1861243470,yes,88131,Closed,GPS Control Deviation,2026-05-08 14:00:55,yes,Ready to Review,Pending,429,yes,submitted,2026-05-08T18:01:03.186Z,88131,freshdesk,matched
1861265860,no,,,,,yes,Awaiting Response,Pending,13,yes,submitted,2026-04-28T23:18:08.961Z,portal-1777418288773,outlook_email,submitted_but_not_in_portal_export
1861268610,no,,,,,yes,Resolved,Non-Issue,467,no,,,,,group_only_never_submitted
1861285490,no,,,,,yes,Awaiting Response,Pending,51,yes,submitted,2026-04-28T23:17:52.257Z,portal-1777418271791,outlook_email,submitted_but_not_in_portal_export
1861312130,yes,88464,Closed,GPS Control Deviation,2026-05-09 16:42:40,yes,Ready to Review,Pending,589,yes,submitted,2026-05-09T20:42:47.287Z,88464,freshdesk,matched
1861315290,yes,87896,Closed,GPS Control Deviation,2026-05-07 22:00:55,yes,Ready to Review,Pending,472,yes,submitted,2026-05-08T02:01:02.786Z,87896,freshdesk,matched
1861318610,yes,85146,Closed,GPS Control Deviation,2026-04-28 19:16:21,yes,Resolved,Pending,48,yes,submitted,2026-04-28T23:16:28.278Z,85146,freshdesk,matched
1861320960,no,,,,,yes,Resolved,Non-Issue,432,no,,,,,group_only_never_submitted
1861344780,no,,,,,yes,Ready to Review,Pending,620,yes,submitted,2026-05-09T20:36:10.531Z,AAMkAGFhMzgwZGJjLTNkNjktNDlhYS1hM2I4LTE3MmI4YTlkNzhmMgBGAAAAAAAUhYVsiS-zQLf1GEtAsll-BwBVKgS5MpITR5VyLl_UBcCwAAAAAAEPAABVKgS5MpITR5VyLl_UBcCwAAVG5lcBAAA=,outlook_email,submitted_but_not_in_portal_export
1861381540,yes,88041,Closed,GPS Control Deviation,2026-05-08 11:01:47,yes,Ready to Review,Pending,483,yes,submitted,2026-05-08T15:01:54.269Z,88041,freshdesk,matched
1861385040,yes,88044,Closed,GPS Control Deviation,2026-05-08 11:02:37,yes,Denied,Denied,484,yes,submitted,2026-05-08T15:02:44.975Z,88044,freshdesk,matched
1861414620,no,,,,,yes,Resolved,Withdrawn,449,no,,,,,group_only_never_submitted
1861422860,no,,,,,yes,Resolved,Non-Issue,534,no,,,,,group_only_never_submitted
1861437570,yes,85105,Closed,GPS Control Deviation,2026-04-28 19:04:17,yes,Resolved,Pending,54,yes,submitted,2026-04-28T23:04:25.224Z,85105,freshdesk,matched
1861471130,yes,85155,Closed,GPS Control Deviation,2026-04-28 19:18:35,yes,Ready to Review,Approved,17,yes,submitted,2026-04-28T23:18:42.899Z,85155,freshdesk,matched
1861502680,yes,88047,Closed,GPS Control Deviation,2026-05-08 11:03:14,yes,Ready to Review,Pending,488,yes,submitted,2026-05-08T15:03:21.578Z,88047,freshdesk,matched
1861520500,no,,,,,yes,New,Pending,1641,no,,,,,group_only_never_submitted
1861536730,yes,88381,Closed,GPS Control Deviation,2026-05-09 16:13:46,yes,Ready to Review,Pending,521,yes,submitted,2026-05-09T20:13:55.763Z,88381,freshdesk,matched
1861538540,yes,88447,Closed,GPS Control Deviation,2026-05-09 16:37:57,yes,Ready to Review,Pending,612,yes,submitted,2026-05-09T20:38:05.261Z,88447,freshdesk,matched
1861558600,yes,85148,Closed,GPS Control Deviation,2026-04-28 19:16:37,yes,Resolved,Pending,16,yes,submitted,2026-04-28T23:16:45.574Z,85148,freshdesk,matched
1861558900,yes,88561,Closed,GPS Control Deviation,2026-05-09 17:33:03,yes,Ready to Review,Pending,973,yes,submitted,2026-05-09T21:33:10.799Z,88561,freshdesk,matched
1861559110,yes,88478,Closed,GPS Control Deviation,2026-05-09 16:46:28,yes,Ready to Review,Pending,838,yes,submitted,2026-05-09T20:46:35.108Z,88478,freshdesk,matched
1861568730,no,,,,,yes,Resolved,Withdrawn,1160,no,,,,,group_only_never_submitted
1861627690,yes,84645,Closed,GPS Control Deviation,2026-04-28 00:44:31,yes,Resolved,Pending,12,yes,submitted,2026-04-28T04:45:40.849Z,84645,freshdesk,matched
1861629110,yes,88340,Closed,GPS Control Deviation,2026-05-09 12:41:15,yes,Ready to Review,Pending,520,yes,submitted,2026-05-09T16:41:23.087Z,88340,freshdesk,matched
1861648390,yes,92276,Closed,GPS Control Deviation,2026-05-20 14:02:33,yes,Ready to Review,Pending,1792,yes,submitted,2026-05-20T18:02:40.836Z,92276,freshdesk,matched
1861684410,no,,,,,yes,Resolved,Non-Issue,580,no,,,,,group_only_never_submitted
1861687740,yes,88426,Closed,GPS Control Deviation,2026-05-09 16:25:36,yes,Ready to Review,Pending,567,yes,submitted,2026-05-09T20:25:43.733Z,88426,freshdesk,matched
1861707650,no,,,,,yes,Resolved,Non-Issue,495,no,,,,,group_only_never_submitted
1861718190,yes,88043,Closed,GPS Control Deviation,2026-05-08 11:02:20,yes,Ready to Review,Pending,493,yes,submitted,2026-05-08T15:02:27.804Z,88043,freshdesk,matched
1861723440,yes,88441,Closed,GPS Control Deviation,2026-05-09 16:36:01,yes,Ready to Review,Pending,637,yes,submitted,2026-05-09T20:36:08.141Z,88441,freshdesk,matched
1861750370,yes,88129,Closed,GPS Control Deviation,2026-05-08 14:00:19,yes,Ready to Review,Pending,499,yes,submitted,2026-05-08T18:00:26.355Z,88129,freshdesk,matched
1861766790,yes,88412,Closed,GPS Control Deviation,2026-05-09 16:21:46,yes,Ready to Review,Pending,559,yes,submitted,2026-05-09T20:21:53.548Z,88412,freshdesk,matched
1861794730,yes,85134,Closed,GPS Control Deviation,2026-04-28 19:13:54,yes,Resolved,Pending,44,yes,submitted,2026-04-28T23:14:01.797Z,85134,freshdesk,matched
1861801530,no,,,,,yes,New,Pending,1876,no,,,,,group_only_never_submitted
1861838840,yes,88385,Closed,GPS Control Deviation,2026-05-09 16:14:52,yes,Ready to Review,Pending,515,yes,submitted,2026-05-09T20:15:02.368Z,88385,freshdesk,matched
1861850440,yes,88353,Closed,GPS Control Deviation,2026-05-09 12:45:08,yes,Ready to Review,Pending,524,yes,submitted,2026-05-09T16:45:15.478Z,88353,freshdesk,matched
1861863890,yes,90475,Closed,GPS Control Deviation,2026-05-14 18:00:51,yes,Ready to Review,Pending,645,yes,submitted,2026-05-14T22:00:59.144Z,90475,freshdesk,matched
1861867400,yes,88628,Closed,GPS Control Deviation,2026-05-09 19:30:21,yes,Ready to Review,Pending,1002,no,,,,,on_portal_but_we_have_not_submitted
1861878760,yes,88445,Closed,GPS Control Deviation,2026-05-09 16:37:22,yes,Ready to Review,Pending,614,yes,submitted,2026-05-09T20:37:29.270Z,88445,freshdesk,matched
1861885350,no,,,,,yes,New,Pending,1285,no,,,,,group_only_never_submitted
1861890480,yes,88547,Closed,GPS Control Deviation,2026-05-09 17:29:00,yes,Ready to Review,Pending,772,no,,,,,on_portal_but_we_have_not_submitted
1861920910,no,,,,,yes,Ready to Review,Pending,33,yes,submitted,2026-04-28T23:17:16.068Z,85151,freshdesk,submitted_matched_by_ticket_id_only
1861923220,no,,,,,yes,Resolved,Non-Issue,1,no,,,,,group_only_never_submitted
1861982010,yes,88390,Closed,GPS Control Deviation,2026-05-09 16:16:17,yes,Ready to Review,Pending,510,yes,submitted,2026-05-09T20:16:26.133Z,88390,freshdesk,matched
1861985690,yes,88498,Closed,GPS Control Deviation,2026-05-09 16:52:09,yes,Ready to Review,Pending,805,yes,submitted,2026-05-09T20:52:15.918Z,88498,freshdesk,matched
1861996070,yes,88420,Closed,GPS Control Deviation,2026-05-09 16:23:49,yes,Ready to Review,Pending,555,yes,submitted,2026-05-09T20:23:57.207Z,88420,freshdesk,matched
1862003700,yes,88386,Closed,GPS Control Deviation,2026-05-09 16:15:14,yes,Ready to Review,Pending,513,yes,submitted,2026-05-09T20:15:23.337Z,88386,freshdesk,matched
1862024340,no,,,,,yes,Resolved,Non-Issue,536,no,,,,,group_only_never_submitted
1862039800,no,,,,,yes,Resolved,Non-Issue,500,no,,,,,group_only_never_submitted
1862065500,yes,92302,Closed,GPS Control Deviation,2026-05-20 14:10:23,yes,Ready to Review,Pending,1731,yes,submitted,2026-05-20T18:10:30.937Z,92302,freshdesk,matched
1862090230,no,,,,,yes,MAS Eligible,Pending,505,no,,,,,group_only_never_submitted
1862092030,no,,,,,yes,Needs Review,Pending,1377,no,,,,,group_only_never_submitted
1862132970,yes,85094,Closed,GPS Control Deviation,2026-04-28 18:58:51,yes,Resolved,Pending,7,yes,submitted,2026-04-28T22:59:02.297Z,85094,freshdesk,matched
1862137380,yes,88351,Closed,GPS Control Deviation,2026-05-09 12:44:32,yes,Ready to Review,Pending,507,yes,submitted,2026-05-09T16:44:39.785Z,88351,freshdesk,matched
1862139230,yes,88350,Closed,GPS Control Deviation,2026-05-09 12:44:15,yes,Ready to Review,Pending,508,yes,submitted,2026-05-09T16:44:22.903Z,88350,freshdesk,matched
1862139520,yes,89600,Closed,GPS Control Deviation,2026-05-12 14:03:10,yes,Ready to Review,Pending,729,yes,submitted,2026-05-12T18:03:18.315Z,89600,freshdesk,matched
1862155690,no,,,,,yes,Resolved,Non-Issue,643,no,,,,,group_only_never_submitted
1862155760,no,,,,,yes,Resolved,Non-Issue,546,no,,,,,group_only_never_submitted
1862197090,no,,,,,yes,Resolved,Pending,30,yes,submitted,2026-04-28T23:08:16.802Z,85128,freshdesk,submitted_matched_by_ticket_id_only
1862205240,yes,88474,Closed,GPS Control Deviation,2026-05-09 16:45:17,yes,Resolved,Approved,651,yes,submitted,2026-05-09T20:45:24.840Z,88474,freshdesk,matched
1862261280,yes,90460,Closed,GPS Control Deviation,2026-05-14 17:05:02,yes,Ready to Review,Pending,895,yes,submitted,2026-05-14T21:05:11.222Z,90460,freshdesk,matched
1862268740,no,,,,,yes,Ready to Review,Pending,866,yes,submitted,2026-05-09T23:44:50.182Z,AAMkAGFhMzgwZGJjLTNkNjktNDlhYS1hM2I4LTE3MmI4YTlkNzhmMgBGAAAAAAAUhYVsiS-zQLf1GEtAsll-BwBVKgS5MpITR5VyLl_UBcCwAAAAAAEPAABVKgS5MpITR5VyLl_UBcCwAAVG5lcMAAA=,outlook_email,submitted_but_not_in_portal_export
1862278760,yes,88418,Closed,GPS Control Deviation,2026-05-09 16:23:15,yes,Ready to Review,Pending,557,yes,submitted,2026-05-09T20:23:22.673Z,88418,freshdesk,matched
1862308870,no,,,,,yes,New,Pending,1801,no,,,,,group_only_never_submitted
1862319170,yes,88452,Closed,GPS Control Deviation,2026-05-09 16:39:07,yes,Ready to Review,Pending,604,yes,submitted,2026-05-09T20:39:14.971Z,88452,freshdesk,matched
1862323980,yes,88450,Closed,GPS Control Deviation,2026-05-09 16:38:31,yes,Ready to Review,Pending,607,yes,submitted,2026-05-09T20:38:39.243Z,88450,freshdesk,matched
1862339450,no,,,,,yes,New,Pending,1816,no,,,,,group_only_never_submitted
1862482040,yes,85098,Closed,GPS Control Deviation,2026-04-28 19:00:06,yes,Resolved,Pending,37,yes,submitted,2026-04-28T23:00:17.287Z,85098,freshdesk,matched
1862521560,yes,88436,Closed,GPS Control Deviation,2026-05-09 16:34:32,yes,Ready to Review,Pending,599,yes,submitted,2026-05-09T20:34:38.790Z,88436,freshdesk,matched
1862525430,no,,,,,yes,Ready to Review,Pending,533,yes,submitted,2026-05-09T20:22:13.358Z,AAMkAGFhMzgwZGJjLTNkNjktNDlhYS1hM2I4LTE3MmI4YTlkNzhmMgBGAAAAAAAUhYVsiS-zQLf1GEtAsll-BwBVKgS5MpITR5VyLl_UBcCwAAAAAAEPAABVKgS5MpITR5VyLl_UBcCwAAVG5lb_AAA=,outlook_email,submitted_but_not_in_portal_export
1862531660,yes,88451,Closed,GPS Control Deviation,2026-05-09 16:38:49,yes,Ready to Review,Pending,660,yes,submitted,2026-05-09T20:38:56.496Z,88451,freshdesk,matched
1862553730,yes,88399,Closed,GPS Control Deviation,2026-05-09 16:18:30,yes,Denied,Denied,573,yes,submitted,2026-05-09T20:18:38.213Z,88399,freshdesk,matched
1862553740,yes,88423,Closed,GPS Control Deviation,2026-05-09 16:24:47,yes,Denied,Denied,630,yes,submitted,2026-05-09T20:24:54.745Z,88423,freshdesk,matched
1862553750,yes,88641,Closed,GPS Control Deviation,2026-05-09 19:34:09,yes,Denied,Denied,658,yes,submitted,2026-05-09T23:34:17.332Z,88641,freshdesk,matched
1862553790,yes,88666,Closed,GPS Control Deviation,2026-05-09 19:41:20,yes,Denied,Denied,863,yes,submitted,2026-05-09T23:41:27.350Z,88666,freshdesk,matched
1862553830,yes,88648,Closed,GPS Control Deviation,2026-05-09 19:36:17,yes,Denied,Denied,1074,yes,submitted,2026-05-09T23:36:25.108Z,88648,freshdesk,matched
1862553850,yes,91255,Closed,GPS Control Deviation,2026-05-18 14:01:05,yes,Denied,Denied,1125,yes,submitted,2026-05-18T18:01:13.265Z,91255,freshdesk,matched
1862554920,no,,,,,yes,New,Pending,1316,no,,,,,group_only_never_submitted
1862554930,no,,,,,yes,New,Pending,1404,no,,,,,group_only_never_submitted
1862554940,no,,,,,yes,New,Pending,1441,no,,,,,group_only_never_submitted
1862554950,no,,,,,yes,New,Pending,1495,no,,,,,group_only_never_submitted
1862554980,no,,,,,yes,New,Pending,1628,no,,,,,group_only_never_submitted
1862555010,no,,,,,yes,New,Pending,1668,no,,,,,group_only_never_submitted
1862555030,yes,92291,Closed,GPS Control Deviation,2026-05-20 14:07:13,yes,Ready to Review,Pending,1776,yes,submitted,2026-05-20T18:07:20.885Z,92291,freshdesk,matched
1862555040,no,,,,,yes,New,Pending,1800,no,,,,,group_only_never_submitted
1862555050,no,,,,,yes,New,Pending,1891,no,,,,,group_only_never_submitted
1862560890,no,,,,,yes,New,Pending,1407,no,,,,,group_only_never_submitted
1862600470,yes,92720,Open,GPS Control Deviation,2026-05-21 14:02:21,yes,Ready to Review,Pending,1158,yes,submitted,2026-05-21T18:02:28.603Z,92720,freshdesk,matched
1862602780,yes,89595,Closed,GPS Control Deviation,2026-05-12 14:01:47,yes,Ready to Review,Pending,722,yes,submitted,2026-05-12T18:01:54.278Z,89595,freshdesk,matched
1862676720,yes,88676,Closed,GPS Control Deviation,2026-05-09 19:44:04,yes,Ready to Review,Pending,969,no,,,,,on_portal_but_we_have_not_submitted
1862680770,yes,88392,Closed,GPS Control Deviation,2026-05-09 16:16:55,yes,Ready to Review,Pending,584,yes,submitted,2026-05-09T20:17:03.134Z,88392,freshdesk,matched
1862729230,yes,88391,Closed,GPS Control Deviation,2026-05-09 16:16:36,yes,Ready to Review,Pending,576,yes,submitted,2026-05-09T20:16:44.707Z,88391,freshdesk,matched
1862733940,yes,90456,Closed,GPS Control Deviation,2026-05-14 17:03:46,yes,Ready to Review,Pending,899,yes,submitted,2026-05-14T21:03:54.704Z,90456,freshdesk,matched
1862751320,yes,88512,Closed,GPS Control Deviation,2026-05-09 16:55:50,yes,Ready to Review,Pending,762,yes,submitted,2026-05-09T20:55:57.082Z,88512,freshdesk,matched
1862768710,yes,85143,Closed,GPS Control Deviation,2026-04-28 19:16:03,yes,Resolved,Pending,27,yes,submitted,2026-04-28T23:16:11.167Z,85143,freshdesk,matched
1862782360,no,,,,,yes,Resolved,Non-Issue,608,no,,,,,group_only_never_submitted
1862784520,yes,89983,Closed,GPS Control Deviation,2026-05-13 14:05:04,yes,Ready to Review,Pending,696,yes,submitted,2026-05-13T18:05:12.540Z,89983,freshdesk,matched
1862785430,yes,85156,Closed,GPS Control Deviation,2026-04-28 19:18:37,yes,Resolved,Approved,42,yes,submitted,2026-04-28T23:18:45.198Z,85156,freshdesk,matched
1862837750,no,,,,,yes,MAS Eligible,Pending,857,no,,,,,group_only_never_submitted
1862863300,yes,88396,Closed,GPS Control Deviation,2026-05-09 16:17:58,yes,Ready to Review,Pending,571,yes,submitted,2026-05-09T20:18:05.598Z,88396,freshdesk,matched
1862863940,yes,88440,Closed,GPS Control Deviation,2026-05-09 16:35:45,yes,Ready to Review,Pending,621,yes,submitted,2026-05-09T20:35:52.181Z,88440,freshdesk,matched
1862878290,no,,,,,yes,Resolved,Non-Issue,568,no,,,,,group_only_never_submitted
1862897820,yes,88646,Closed,GPS Control Deviation,2026-05-09 19:35:40,yes,Resolved,Approved,1078,yes,submitted,2026-05-09T23:35:47.784Z,88646,freshdesk,matched
1862906690,yes,85126|84646,Closed|Closed,GPS Control Deviation,2026-04-28 19:07:53,yes,Resolved,Pending,49,yes,submitted,2026-04-28T23:08:01.056Z,85126,freshdesk,matched
1862909010,yes,88687,Closed,GPS Control Deviation,2026-05-09 19:47:12,yes,Ready to Review,Pending,848,yes,submitted,2026-05-09T23:47:20.144Z,88687,freshdesk,matched
1862913630,yes,85141,Closed,GPS Control Deviation,2026-04-28 19:14:56,yes,Resolved,Pending,29,yes,submitted,2026-04-28T23:15:03.564Z,85141,freshdesk,matched
1862915320,yes,88453,Closed,GPS Control Deviation,2026-05-09 16:39:24,yes,Ready to Review,Pending,606,yes,submitted,2026-05-09T20:39:31.127Z,88453,freshdesk,matched
1862922170,no,,,,,yes,Awaiting Response,Pending,615,yes,submitted,2026-05-09T20:37:11.830Z,AAMkAGFhMzgwZGJjLTNkNjktNDlhYS1hM2I4LTE3MmI4YTlkNzhmMgBGAAAAAAAUhYVsiS-zQLf1GEtAsll-BwBVKgS5MpITR5VyLl_UBcCwAAAAAAEPAABVKgS5MpITR5VyLl_UBcCwAAVG5lcDAAA=,outlook_email,submitted_but_not_in_portal_export
1862948450,yes,84647,Closed,GPS Control Deviation,2026-04-28 01:52:37,yes,Resolved,Pending,10,yes,submitted,2026-04-28T05:54:23.148Z,84647,freshdesk,matched
1862964150,no,,,,,yes,Resolved,Non-Issue,52,no,,,,,group_only_never_submitted
1862966170,no,,,,,yes,Awaiting Response,Pending,836,yes,submitted,2026-05-15T18:03:35.980Z,AAMkAGFhMzgwZGJjLTNkNjktNDlhYS1hM2I4LTE3MmI4YTlkNzhmMgBGAAAAAAAUhYVsiS-zQLf1GEtAsll-BwBVKgS5MpITR5VyLl_UBcCwAAAAAAEPAABVKgS5MpITR5VyLl_UBcCwAAVJxve0AAA=,outlook_email,submitted_but_not_in_portal_export
1862971910,no,,,,,yes,Ready to Review,Pending,663,yes,submitted,2026-05-12T18:07:29.148Z,AAMkAGFhMzgwZGJjLTNkNjktNDlhYS1hM2I4LTE3MmI4YTlkNzhmMgBGAAAAAAAUhYVsiS-zQLf1GEtAsll-BwBVKgS5MpITR5VyLl_UBcCwAAAAAAEPAABVKgS5MpITR5VyLl_UBcCwAAVILck9AAA=,outlook_email,submitted_but_not_in_portal_export
1862978290,no,,,,,yes,Resolved,Non-Issue,41,no,,,,,group_only_never_submitted
1862983880,yes,89299,Closed,GPS Control Deviation,2026-05-12 08:00:18,yes,Ready to Review,Pending,771,yes,submitted,2026-05-12T12:00:26.012Z,89299,freshdesk,matched
1862988670,yes,89965,Closed,GPS Control Deviation,2026-05-13 14:01:25,yes,Ready to Review,Pending,678,yes,submitted,2026-05-13T18:01:32.619Z,89965,freshdesk,matched
1863009140,no,,,,,yes,Resolved,Non-Issue,548,no,,,,,group_only_never_submitted
1863011710,yes,88425,Closed,GPS Control Deviation,2026-05-09 16:25:20,yes,Ready to Review,Pending,572,yes,submitted,2026-05-09T20:25:27.670Z,88425,freshdesk,matched
1863020310,yes,88439,Closed,GPS Control Deviation,2026-05-09 16:35:22,yes,Ready to Review,Pending,626,yes,submitted,2026-05-09T20:35:29.963Z,88439,freshdesk,matched
1863023040,yes,85119,Closed,GPS Control Deviation,2026-04-28 19:06:12,yes,Resolved,Pending,9,yes,submitted,2026-04-28T23:06:20.697Z,85119,freshdesk,matched
1863023270,no,,,,,yes,Awaiting Response,Pending,11,yes,submitted,2026-04-28T23:06:55.004Z,portal-1777417614872,outlook_email,submitted_but_not_in_portal_export
1863025150,yes,83522,Closed,GPS Control Deviation,2026-04-24 08:10:30,yes,Resolved,Approved,8,yes,submitted,2026-04-24T12:10:41.166Z,83522,freshdesk,matched
1863052620,yes,90364,Closed,GPS Control Deviation,2026-05-14 14:00:53,yes,Ready to Review,Pending,908,yes,submitted,2026-05-14T18:01:01.864Z,90364,freshdesk,matched
1863088340,yes,85150,Closed,GPS Control Deviation,2026-04-28 19:16:55,yes,Resolved,Pending,28,yes,submitted,2026-04-28T23:17:02.256Z,85150,freshdesk,matched
1863091650,no,,,,,yes,Denied,Pending,35,no,,,,,group_only_never_submitted
1863098890,yes,90367,Closed,GPS Control Deviation,2026-05-14 14:01:34,yes,Ready to Review,Pending,905,yes,submitted,2026-05-14T18:01:41.456Z,90367,freshdesk,matched
1863121140,yes,88534,Closed,GPS Control Deviation,2026-05-09 17:01:36,yes,Ready to Review,Pending,747,yes,submitted,2026-05-09T21:01:43.788Z,88534,freshdesk,matched
1863136480,yes,89980,Closed,GPS Control Deviation,2026-05-13 14:04:40,yes,Ready to Review,Pending,690,yes,submitted,2026-05-13T18:04:48.198Z,89980,freshdesk,matched
1863136660,no,,,,,yes,New,Pending,1643,no,,,,,group_only_never_submitted
1863138470,no,,,,,yes,Ready to Review,Pending,655,yes,submitted,2026-05-09T20:44:00.586Z,AAMkAGFhMzgwZGJjLTNkNjktNDlhYS1hM2I4LTE3MmI4YTlkNzhmMgBGAAAAAAAUhYVsiS-zQLf1GEtAsll-BwBVKgS5MpITR5VyLl_UBcCwAAAAAAEPAABVKgS5MpITR5VyLl_UBcCwAAVG5lcGAAA=,outlook_email,submitted_but_not_in_portal_export
1863217110,no,,,,,yes,New,Pending,1557,no,,,,,group_only_never_submitted
1863217120,no,,,,,yes,Needs Review,Pending,1825,no,,,,,group_only_never_submitted
1863222250,yes,89301|89242,Closed|Closed,GPS Control Deviation,2026-05-12 08:00:50,yes,Ready to Review,Pending,764,yes,submitted,2026-05-12T12:00:58.061Z,89301,freshdesk,matched
1863257360,yes,88462,Closed,GPS Control Deviation,2026-05-09 16:42:08,yes,Ready to Review,Pending,595,yes,submitted,2026-05-09T20:42:15.451Z,88462,freshdesk,matched
1863274400,no,,,,,yes,Resolved,Pending,55,yes,submitted,2026-04-28T23:16:44.877Z,85147,freshdesk,submitted_matched_by_ticket_id_only
1863276590,yes,90669,Closed,GPS Control Deviation,2026-05-15 14:02:11,yes,Ready to Review,Pending,654,yes,submitted,2026-05-15T18:02:18.407Z,90669,freshdesk,matched
1863322990,yes,89472,Closed,GPS Control Deviation,2026-05-12 11:00:38,yes,Ready to Review,Pending,632,yes,submitted,2026-05-12T15:00:46.627Z,89472,freshdesk,matched
1863328680,no,,,,,yes,Awaiting Response,Pending,47,yes,submitted,2026-04-28T23:15:54.904Z,portal-1777418154718,outlook_email,submitted_but_not_in_portal_export
1863343350,no,,,,,yes,Awaiting Response,Pending,46,yes,submitted,2026-04-28T23:15:20.513Z,portal-1777418120324,outlook_email,submitted_but_not_in_portal_export
1863349150,yes,88472,Closed,GPS Control Deviation,2026-05-09 16:44:44,yes,Ready to Review,Pending,648,yes,submitted,2026-05-09T20:44:51.011Z,88472,freshdesk,matched
1863359360,yes,88405,Closed,GPS Control Deviation,2026-05-09 16:20:08,yes,Ready to Review,Pending,561,yes,submitted,2026-05-09T20:20:15.885Z,88405,freshdesk,matched
1863389610,yes,88625,Closed,GPS Control Deviation,2026-05-09 19:29:30,yes,Denied,Denied,1079,yes,submitted,2026-05-09T23:29:37.435Z,88625,freshdesk,matched
1863403380,no,,,,,yes,Denied,Denied,1122,yes,submitted,2026-05-20T22:32:02.157Z,AAMkAGFhMzgwZGJjLTNkNjktNDlhYS1hM2I4LTE3MmI4YTlkNzhmMgBGAAAAAAAUhYVsiS-zQLf1GEtAsll-BwBVKgS5MpITR5VyLl_UBcCwAAAAAAEPAABVKgS5MpITR5VyLl_UBcCwAAVOMsiUAAA=,outlook_email,submitted_but_not_in_portal_export
1863419510,yes,88491,Closed,GPS Control Deviation,2026-05-09 16:50:02,yes,Ready to Review,Pending,815,yes,submitted,2026-05-09T20:50:09.570Z,88491,freshdesk,matched
1863420030,yes,92860,Open,GPS Control Deviation,2026-05-21 23:10:44,yes,Awaiting Response,Pending,1206,yes,submitted,2026-05-22T03:11:59.785Z,92860,freshdesk,matched
1863443160,yes,88525,Closed,GPS Control Deviation,2026-05-09 16:59:30,yes,Ready to Review,Pending,640,yes,submitted,2026-05-09T20:59:37.941Z,88525,freshdesk,matched
1863448780,yes,88456,Closed,GPS Control Deviation,2026-05-09 16:40:19,yes,Denied,Denied,596,yes,submitted,2026-05-09T20:40:27.284Z,88456,freshdesk,matched
1863458850,yes,90256,Closed,GPS Control Deviation,2026-05-14 11:01:14,yes,Ready to Review,Pending,917,yes,submitted,2026-05-14T15:01:22.528Z,90256,freshdesk,matched
1863464530,yes,88634,Closed,GPS Control Deviation,2026-05-09 19:32:04,yes,Ready to Review,Pending,636,no,,,,,on_portal_but_we_have_not_submitted
1863481080,no,,,,,yes,Resolved,Non-Issue,38,no,,,,,group_only_never_submitted
1863544420,no,,,,,yes,Awaiting Response,Pending,712,yes,submitted,2026-05-15T18:07:09.682Z,AAMkAGFhMzgwZGJjLTNkNjktNDlhYS1hM2I4LTE3MmI4YTlkNzhmMgBGAAAAAAAUhYVsiS-zQLf1GEtAsll-BwBVKgS5MpITR5VyLl_UBcCwAAAAAAEPAABVKgS5MpITR5VyLl_UBcCwAAVJxve8AAA=,outlook_email,submitted_but_not_in_portal_export
1863576910,yes,88459,Closed,GPS Control Deviation,2026-05-09 16:41:16,yes,Resolved,Approved,590,yes,submitted,2026-05-09T20:41:23.928Z,88459,freshdesk,matched
1863585400,no,,,,,yes,Resolved,Non-Issue,34,no,,,,,group_only_never_submitted
1863592490,yes,88422,Closed,GPS Control Deviation,2026-05-09 16:24:29,yes,Ready to Review,Pending,549,yes,submitted,2026-05-09T20:24:36.632Z,88422,freshdesk,matched
1863593650,yes,90751,Closed,GPS Control Deviation,2026-05-15 16:24:06,yes,Ready to Review,Pending,683,yes,submitted,2026-05-15T20:24:13.235Z,90751,freshdesk,matched
1863602790,no,,,,,yes,Resolved,Approved,641,no,,,,,group_only_never_submitted
1863634270,yes,88496,Closed,GPS Control Deviation,2026-05-09 16:51:35,yes,Ready to Review,Pending,807,yes,submitted,2026-05-09T20:51:42.191Z,88496,freshdesk,matched
1863647360,no,,,,,yes,Resolved,Non-Issue,39,no,,,,,group_only_never_submitted
1863662870,no,,,,,yes,Awaiting Response,Pending,622,yes,submitted,2026-05-09T20:35:35.433Z,AAMkAGFhMzgwZGJjLTNkNjktNDlhYS1hM2I4LTE3MmI4YTlkNzhmMgBGAAAAAAAUhYVsiS-zQLf1GEtAsll-BwBVKgS5MpITR5VyLl_UBcCwAAAAAAEPAABVKgS5MpITR5VyLl_UBcCwAAVG5lcAAAA=,outlook_email,submitted_but_not_in_portal_export
1863665630,yes,88402,Closed,GPS Control Deviation,2026-05-09 16:19:19,yes,Ready to Review,Pending,569,yes,submitted,2026-05-09T20:19:26.702Z,88402,freshdesk,matched
1863685980,yes,88483,Closed,GPS Control Deviation,2026-05-09 16:47:56,yes,Ready to Review,Pending,823,yes,submitted,2026-05-09T20:48:03.575Z,88483,freshdesk,matched
1863699190,no,,,,,yes,Resolved,Approved,565,no,,,,,group_only_never_submitted
1863712880,no,,,,,yes,Awaiting Response,Pending,635,yes,submitted,2026-05-14T15:01:55.079Z,portal-1778770914888,outlook_email,submitted_but_not_in_portal_export
1863728960,yes,88437,Closed,GPS Control Deviation,2026-05-09 16:34:48,yes,Ready to Review,Pending,591,yes,submitted,2026-05-09T20:34:54.880Z,88437,freshdesk,matched
1863738750,yes,88701,Closed,GPS Control Deviation,2026-05-09 19:51:07,yes,Ready to Review,Pending,1034,no,,,,,on_portal_but_we_have_not_submitted
1863740650,no,,,,,yes,Resolved,Non-Issue,40,no,,,,,group_only_never_submitted
1863742700,yes,89602,Closed,GPS Control Deviation,2026-05-12 14:03:44,yes,Ready to Review,Pending,731,yes,submitted,2026-05-12T18:03:51.428Z,89602,freshdesk,matched
1863794300,yes,91100,Closed,GPS Control Deviation,2026-05-18 11:00:10,yes,Ready to Review,Pending,1087,yes,submitted,2026-05-18T15:00:17.308Z,91100,freshdesk,matched
1863806110,yes,90072,Closed,GPS Control Deviation,2026-05-13 18:01:15,yes,Ready to Review,Pending,929,yes,submitted,2026-05-13T22:01:24.034Z,90072,freshdesk,matched
1863808300,no,,,,,yes,Resolved,Non-Issue,638,no,,,,,group_only_never_submitted
1863832450,yes,88401,Closed,GPS Control Deviation,2026-05-09 16:19:03,yes,Ready to Review,Pending,564,yes,submitted,2026-05-09T20:19:11.178Z,88401,freshdesk,matched
1863849230,yes,88486,Closed,GPS Control Deviation,2026-05-09 16:48:48,yes,Ready to Review,Pending,610,yes,submitted,2026-05-09T20:49:37.087Z,88486,freshdesk,matched
1863853690,yes,88400,Closed,GPS Control Deviation,2026-05-09 16:18:46,yes,Ready to Review,Pending,570,yes,submitted,2026-05-09T20:18:53.656Z,88400,freshdesk,matched
1863867110,yes,89474,Closed,GPS Control Deviation,2026-05-12 11:01:14,yes,Resolved,Approved,842,yes,submitted,2026-05-12T15:01:21.639Z,89474,freshdesk,matched
1863873220,yes,89968,Closed,GPS Control Deviation,2026-05-13 14:02:23,yes,Ready to Review,Pending,879,yes,submitted,2026-05-13T18:02:30.568Z,89968,freshdesk,matched
1863894470,yes,88528,Closed,GPS Control Deviation,2026-05-09 17:00:22,yes,Ready to Review,Pending,796,yes,submitted,2026-05-09T21:00:29.918Z,88528,freshdesk,matched
1863900450,yes,88495,Closed,GPS Control Deviation,2026-05-09 16:51:16,yes,Ready to Review,Pending,811,yes,submitted,2026-05-09T20:51:24.083Z,88495,freshdesk,matched
1863932280,no,,,,,no,,,,yes,submitted,2026-05-18T18:00:26.734Z,AAMkAGFhMzgwZGJjLTNkNjktNDlhYS1hM2I4LTE3MmI4YTlkNzhmMgBGAAAAAAAUhYVsiS-zQLf1GEtAsll-BwBVKgS5MpITR5VyLl_UBcCwAAAAAAEPAABVKgS5MpITR5VyLl_UBcCwAAVNCWInAAA=,outlook_email,submitted_but_not_in_portal_export
1863955390,no,,,,,yes,Denied,Denied,665,yes,submitted,2026-05-12T22:01:23.444Z,AAMkAGFhMzgwZGJjLTNkNjktNDlhYS1hM2I4LTE3MmI4YTlkNzhmMgBGAAAAAAAUhYVsiS-zQLf1GEtAsll-BwBVKgS5MpITR5VyLl_UBcCwAAAAAAEPAABVKgS5MpITR5VyLl_UBcCwAAVILck_AAA=,outlook_email,submitted_but_not_in_portal_export
1863988880,yes,88682,Closed,GPS Control Deviation,2026-05-09 19:45:49,yes,Ready to Review,Pending,861,yes,submitted,2026-05-09T23:45:57.144Z,88682,freshdesk,matched
1863989830,yes,88393,Closed,GPS Control Deviation,2026-05-09 16:17:11,yes,Ready to Review,Pending,578,yes,submitted,2026-05-09T20:17:19.025Z,88393,freshdesk,matched
1864010160,no,,,,,no,,,,yes,submitted,2026-05-21T15:01:12.506Z,AAMkAGFhMzgwZGJjLTNkNjktNDlhYS1hM2I4LTE3MmI4YTlkNzhmMgBGAAAAAAAUhYVsiS-zQLf1GEtAsll-BwBVKgS5MpITR5VyLl_UBcCwAAAAAAEPAABVKgS5MpITR5VyLl_UBcCwAAVOMsi3AAA=,outlook_email,submitted_but_not_in_portal_export
1864010170,no,,,,,yes,New,Pending,1450,no,,,,,group_only_never_submitted
1864022100,no,,,,,yes,New,Pending,1385,no,,,,,group_only_never_submitted
1864036750,no,,,,,yes,Awaiting Response,Pending,644,yes,submitted,2026-05-14T22:00:34.941Z,AAMkAGFhMzgwZGJjLTNkNjktNDlhYS1hM2I4LTE3MmI4YTlkNzhmMgBGAAAAAAAUhYVsiS-zQLf1GEtAsll-BwBVKgS5MpITR5VyLl_UBcCwAAAAAAEPAABVKgS5MpITR5VyLl_UBcCwAAVJxvecAAA=,outlook_email,submitted_but_not_in_portal_export
1864087690,yes,88690,Closed,GPS Control Deviation,2026-05-09 19:48:05,yes,Ready to Review,Pending,850,yes,submitted,2026-05-09T23:48:13.103Z,88690,freshdesk,matched
1864092520,yes,88475,Closed,GPS Control Deviation,2026-05-09 16:45:34,yes,Ready to Review,Pending,840,yes,submitted,2026-05-09T20:45:41.454Z,88475,freshdesk,matched
1864121460,yes,88433,Closed,GPS Control Deviation,2026-05-09 16:33:41,yes,Ready to Review,Pending,646,yes,submitted,2026-05-09T20:33:48.855Z,88433,freshdesk,matched
1864125540,yes,88404,Closed,GPS Control Deviation,2026-05-09 16:19:52,yes,Ready to Review,Pending,577,yes,submitted,2026-05-09T20:19:59.609Z,88404,freshdesk,matched
1864129550,yes,89243,Closed,GPS Control Deviation,2026-05-11 18:42:25,yes,Ready to Review,Pending,763,yes,submitted,2026-05-11T22:42:32.267Z,89243,freshdesk,matched
1864130950,yes,89606,Closed,GPS Control Deviation,2026-05-12 14:04:51,yes,Ready to Review,Pending,737,yes,submitted,2026-05-12T18:04:58.884Z,89606,freshdesk,matched
1864156080,yes,88397,Closed,GPS Control Deviation,2026-05-09 16:18:14,yes,Denied,Denied,585,yes,submitted,2026-05-09T20:18:21.408Z,88397,freshdesk,matched
1864197210,no,,,,,yes,New,Pending,1663,no,,,,,group_only_never_submitted
1864217080,no,,,,,no,,,,yes,submitted,2026-05-15T18:05:48.827Z,AAMkAGFhMzgwZGJjLTNkNjktNDlhYS1hM2I4LTE3MmI4YTlkNzhmMgBGAAAAAAAUhYVsiS-zQLf1GEtAsll-BwBVKgS5MpITR5VyLl_UBcCwAAAAAAEPAABVKgS5MpITR5VyLl_UBcCwAAVJxve3AAA=,outlook_email,submitted_but_not_in_portal_export
1864229240,yes,89275,Closed,GPS Control Deviation,2026-05-11 22:02:44,yes,Ready to Review,Pending,773,yes,submitted,2026-05-12T02:03:40.742Z,89275,freshdesk,matched
1864261370,yes,88468,Closed,GPS Control Deviation,2026-05-09 16:43:49,yes,Ready to Review,Pending,650,yes,submitted,2026-05-09T20:43:56.453Z,88468,freshdesk,matched
1864303120,no,,,,,yes,New,Pending,1620,no,,,,,group_only_never_submitted
1864307370,no,,,,,yes,Resolved,Approved,600,no,,,,,group_only_never_submitted
1864377040,no,,,,,yes,Resolved,Non-Issue,586,no,,,,,group_only_never_submitted
1864377830,no,,,,,yes,Awaiting Response,Pending,605,yes,submitted,2026-05-09T20:39:35.949Z,AAMkAGFhMzgwZGJjLTNkNjktNDlhYS1hM2I4LTE3MmI4YTlkNzhmMgBGAAAAAAAUhYVsiS-zQLf1GEtAsll-BwBVKgS5MpITR5VyLl_UBcCwAAAAAAEPAABVKgS5MpITR5VyLl_UBcCwAAVG5lcEAAA=,outlook_email,submitted_but_not_in_portal_export
1864382400,no,,,,,yes,Resolved,Non-Issue,574,no,,,,,group_only_never_submitted
1864383610,yes,88446,Closed,GPS Control Deviation,2026-05-09 16:37:40,yes,Denied,Denied,613,yes,submitted,2026-05-09T20:37:47.959Z,88446,freshdesk,matched
1864393020,yes,92861,Open,GPS Control Deviation,2026-05-21 23:16:10,yes,Awaiting Response,Pending,1273,yes,submitted,2026-05-22T03:17:16.784Z,92861,freshdesk,matched
1864403500,no,,,,,yes,Resolved,Non-Issue,616,no,,,,,group_only_never_submitted
1864416350,yes,88665,Closed,GPS Control Deviation,2026-05-09 19:41:02,yes,Ready to Review,Pending,869,no,,,,,on_portal_but_we_have_not_submitted
1864416650,no,,,,,yes,Resolved,No Action Needed,619,no,,,,,group_only_never_submitted
1864416770,no,,,,,yes,New,Pending,1864,no,,,,,group_only_never_submitted
1864429650,yes,91250,Closed,GPS Control Deviation,2026-05-18 14:00:11,yes,Ready to Review,Pending,851,yes,submitted,2026-05-18T18:00:19.334Z,91250,freshdesk,matched
1864429780,yes,88467,Closed,GPS Control Deviation,2026-05-09 16:43:32,yes,Ready to Review,Pending,652,yes,submitted,2026-05-09T20:43:39.930Z,88467,freshdesk,matched
1864470340,yes,88536,Closed,GPS Control Deviation,2026-05-09 17:02:10,yes,Ready to Review,Pending,877,yes,submitted,2026-05-09T21:02:18.847Z,88536,freshdesk,matched
1864483860,yes,88532,Closed,GPS Control Deviation,2026-05-09 17:01:04,yes,Ready to Review,Pending,793,yes,submitted,2026-05-09T21:01:11.816Z,88532,freshdesk,matched
1864509660,yes,88503,Closed,GPS Control Deviation,2026-05-09 16:53:39,yes,Ready to Review,Pending,799,yes,submitted,2026-05-09T20:53:46.528Z,88503,freshdesk,matched
1864515330,yes,88620,Closed,GPS Control Deviation,2026-05-09 19:28:02,yes,Ready to Review,Pending,1007,no,,,,,on_portal_but_we_have_not_submitted
1864517790,no,,,,,yes,Awaiting Response,Pending,695,yes,submitted,2026-05-13T18:04:10.402Z,portal-1778695450247,outlook_email,submitted_but_not_in_portal_export
1864537210,yes,92414,Closed,GPS Control Deviation,2026-05-20 18:55:10,yes,Ready to Review,Pending,881,yes,submitted,2026-05-20T22:55:17.771Z,92414,freshdesk,matched
1864551450,no,,,,,yes,Awaiting Response,Pending,672,yes,submitted,2026-05-13T18:02:23.563Z,portal-1778695343386,outlook_email,submitted_but_not_in_portal_export
1864554530,yes,88497,Closed,GPS Control Deviation,2026-05-09 16:51:52,yes,Ready to Review,Pending,806,yes,submitted,2026-05-09T20:51:59.800Z,88497,freshdesk,matched
1864572500,yes,88693,Closed,GPS Control Deviation,2026-05-09 19:48:56,yes,Ready to Review,Pending,979,no,,,,,on_portal_but_we_have_not_submitted
1864580660,yes,90679,Closed,GPS Control Deviation,2026-05-15 14:05:35,yes,Ready to Review,Pending,1101,yes,submitted,2026-05-15T18:05:42.707Z,90679,freshdesk,matched
1864624320,yes,88616,Closed,GPS Control Deviation,2026-05-09 19:26:55,yes,Denied,Denied,1022,yes,submitted,2026-05-09T23:27:02.137Z,88616,freshdesk,matched
1864645710,yes,88507,Closed,GPS Control Deviation,2026-05-09 16:54:28,yes,Ready to Review,Pending,843,yes,submitted,2026-05-09T20:54:35.737Z,88507,freshdesk,matched
1864656810,yes,90255,Closed,GPS Control Deviation,2026-05-14 11:01:02,yes,Ready to Review,Pending,918,yes,submitted,2026-05-14T15:01:09.991Z,90255,freshdesk,matched
1864673950,yes,88457,Closed,GPS Control Deviation,2026-05-09 16:40:41,yes,Ready to Review,Pending,594,yes,submitted,2026-05-09T20:40:48.390Z,88457,freshdesk,matched
1864709880,yes,90373,Closed,GPS Control Deviation,2026-05-14 14:03:14,yes,Ready to Review,Pending,913,yes,submitted,2026-05-14T18:03:23.003Z,90373,freshdesk,matched
1864745070,yes,92282,Closed,GPS Control Deviation,2026-05-20 14:04:25,yes,Ready to Review,Pending,1788,yes,submitted,2026-05-20T18:04:32.273Z,92282,freshdesk,matched
1864757090,no,,,,,yes,Resolved,Withdrawn,862,no,,,,,group_only_never_submitted
1864775090,yes,88705|88544,Closed|Closed,GPS Control Deviation,2026-05-09 19:55:11,yes,Ready to Review,Pending,835,no,,,,,on_portal_but_we_have_not_submitted
1864781930,yes,89302|89239,Closed|Closed,GPS Control Deviation,2026-05-12 08:01:06,yes,Ready to Review,Pending,770,yes,submitted,2026-05-12T12:01:13.549Z,89302,freshdesk,matched
1864784480,yes,88530,Closed,GPS Control Deviation,2026-05-09 17:00:39,yes,Ready to Review,Pending,802,yes,submitted,2026-05-09T21:02:10.687Z,88530,freshdesk,matched
1864788720,yes,88429,Closed,GPS Control Deviation,2026-05-09 16:31:53,yes,Denied,Denied,627,yes,submitted,2026-05-09T20:33:07.588Z,88429,freshdesk,matched
1864796540,yes,89605,Closed,GPS Control Deviation,2026-05-12 14:04:35,yes,Ready to Review,Pending,738,yes,submitted,2026-05-12T18:04:42.960Z,89605,freshdesk,matched
1864804880,yes,89273,Closed,GPS Control Deviation,2026-05-11 22:02:13,yes,Ready to Review,Pending,775,yes,submitted,2026-05-12T02:02:20.196Z,89273,freshdesk,matched
1864810640,yes,88463,Closed,GPS Control Deviation,2026-05-09 16:42:24,yes,Denied,Denied,662,yes,submitted,2026-05-09T20:42:31.286Z,88463,freshdesk,matched
1864870210,no,,,,,yes,New,Pending,1283,no,,,,,group_only_never_submitted
1864936690,yes,89473,Closed,GPS Control Deviation,2026-05-12 11:00:56,yes,Ready to Review,Pending,754,yes,submitted,2026-05-12T15:01:03.583Z,89473,freshdesk,matched
1864956950,yes,89982,Closed,GPS Control Deviation,2026-05-13 14:04:58,yes,Ready to Review,Pending,689,yes,submitted,2026-05-13T18:05:05.904Z,89982,freshdesk,matched
1864957890,yes,88438,Closed,GPS Control Deviation,2026-05-09 16:35:04,yes,Ready to Review,Pending,628,yes,submitted,2026-05-09T20:35:11.180Z,88438,freshdesk,matched
1864960360,no,,,,,no,,,,yes,submitted,2026-05-20T22:47:34.396Z,AAMkAGFhMzgwZGJjLTNkNjktNDlhYS1hM2I4LTE3MmI4YTlkNzhmMgBGAAAAAAAUhYVsiS-zQLf1GEtAsll-BwBVKgS5MpITR5VyLl_UBcCwAAAAAAEPAABVKgS5MpITR5VyLl_UBcCwAAVOMsiYAAA=,outlook_email,submitted_but_not_in_portal_export
1864961170,yes,90377,Closed,GPS Control Deviation,2026-05-14 14:04:14,yes,Ready to Review,Pending,912,yes,submitted,2026-05-14T18:04:22.102Z,90377,freshdesk,matched
1864990150,yes,88479,Closed,GPS Control Deviation,2026-05-09 16:46:45,yes,Ready to Review,Pending,834,yes,submitted,2026-05-09T20:46:52.692Z,88479,freshdesk,matched
1864994420,no,,,,,yes,Resolved,Non-Issue,631,no,,,,,group_only_never_submitted
1865000850,yes,89604,Closed,GPS Control Deviation,2026-05-12 14:04:18,yes,Ready to Review,Pending,739,yes,submitted,2026-05-12T18:04:26.137Z,89604,freshdesk,matched
1865035010,no,,,,,yes,New,Pending,1650,no,,,,,group_only_never_submitted
1865083330,no,,,,,yes,New,Pending,1399,no,,,,,group_only_never_submitted
1865155110,yes,88603,Closed,GPS Control Deviation,2026-05-09 17:44:57,yes,Ready to Review,Pending,782,no,,,,,on_portal_but_we_have_not_submitted
1865172720,yes,89973,Closed,GPS Control Deviation,2026-05-13 14:02:58,yes,Ready to Review,Pending,703,yes,submitted,2026-05-13T18:03:05.048Z,89973,freshdesk,matched
1865179530,yes,90457,Closed,GPS Control Deviation,2026-05-14 17:04:06,yes,Ready to Review,Pending,898,yes,submitted,2026-05-14T21:04:14.762Z,90457,freshdesk,matched
1865183280,yes,88553,Closed,GPS Control Deviation,2026-05-09 17:30:41,yes,Ready to Review,Pending,884,yes,submitted,2026-05-09T21:30:48.288Z,88553,freshdesk,matched
1865184810,no,,,,,yes,Ready to Review,Pending,886,yes,submitted,2026-05-09T21:32:02.738Z,AAMkAGFhMzgwZGJjLTNkNjktNDlhYS1hM2I4LTE3MmI4YTlkNzhmMgBGAAAAAAAUhYVsiS-zQLf1GEtAsll-BwBVKgS5MpITR5VyLl_UBcCwAAAAAAEPAABVKgS5MpITR5VyLl_UBcCwAAVG5lcJAAA=,outlook_email,submitted_but_not_in_portal_export
1865199710,yes,88555,Closed,GPS Control Deviation,2026-05-09 17:31:17,yes,Ready to Review,Pending,873,no,,,,,on_portal_but_we_have_not_submitted
1865209530,yes,88703,Closed,GPS Control Deviation,2026-05-09 19:51:40,yes,Ready to Review,Pending,961,no,,,,,on_portal_but_we_have_not_submitted
1865209610,yes,89598,Closed,GPS Control Deviation,2026-05-12 14:02:37,yes,Ready to Review,Pending,724,yes,submitted,2026-05-12T18:02:44.428Z,89598,freshdesk,matched
1865211960,no,,,,,yes,Expired,Pending,711,no,,,,,group_only_never_submitted
1865213970,yes,88702,Closed,GPS Control Deviation,2026-05-09 19:51:24,yes,Ready to Review,Pending,962,yes,submitted,2026-05-09T23:51:31.286Z,88702,freshdesk,matched
1865238870,no,,,,,yes,Ready to Review,Pending,928,yes,submitted,2026-05-15T18:01:01.005Z,AAMkAGFhMzgwZGJjLTNkNjktNDlhYS1hM2I4LTE3MmI4YTlkNzhmMgBGAAAAAAAUhYVsiS-zQLf1GEtAsll-BwBVKgS5MpITR5VyLl_UBcCwAAAAAAEPAABVKgS5MpITR5VyLl_UBcCwAAVJxvewAAA=,outlook_email,submitted_but_not_in_portal_export
1865257800,no,,,,,yes,Awaiting Response,Pending,674,yes,submitted,2026-05-13T18:01:54.779Z,portal-1778695314646,outlook_email,submitted_but_not_in_portal_export
1865260190,yes,88549,Closed,GPS Control Deviation,2026-05-09 17:29:32,yes,Ready to Review,Pending,885,no,,,,,on_portal_but_we_have_not_submitted
1865270150,yes,90458,Closed,GPS Control Deviation,2026-05-14 17:04:23,yes,Ready to Review,Pending,897,yes,submitted,2026-05-14T21:04:31.725Z,90458,freshdesk,matched
1865291650,yes,88567,Closed,GPS Control Deviation,2026-05-09 17:34:48,yes,Ready to Review,Pending,1027,yes,submitted,2026-05-09T21:34:55.278Z,88567,freshdesk,matched
1865300920,yes,89978,Closed,GPS Control Deviation,2026-05-13 14:03:46,yes,Ready to Review,Pending,698,yes,submitted,2026-05-13T18:03:54.464Z,89978,freshdesk,matched
1865307840,yes,88615,Closed,GPS Control Deviation,2026-05-09 19:26:39,yes,Ready to Review,Pending,955,no,,,,,on_portal_but_we_have_not_submitted
1865331590,yes,90464,Closed,GPS Control Deviation,2026-05-14 17:05:55,yes,Ready to Review,Pending,891,yes,submitted,2026-05-14T21:06:03.209Z,90464,freshdesk,matched
1865377830,yes,89614,Closed,GPS Control Deviation,2026-05-12 14:07:11,yes,Ready to Review,Pending,708,yes,submitted,2026-05-12T18:07:19.612Z,89614,freshdesk,matched
1865380670,yes,88619,Closed,GPS Control Deviation,2026-05-09 19:27:45,yes,Ready to Review,Pending,1015,no,,,,,on_portal_but_we_have_not_submitted
1865383760,yes,88554,Closed,GPS Control Deviation,2026-05-09 17:30:57,yes,Ready to Review,Pending,876,no,,,,,on_portal_but_we_have_not_submitted
1865390560,no,,,,,yes,Awaiting Response,Pending,688,yes,submitted,2026-05-14T15:02:00.733Z,portal-1778770920562,outlook_email,submitted_but_not_in_portal_export
1865396720,yes,88504,Closed,GPS Control Deviation,2026-05-09 16:53:42,yes,Ready to Review,Pending,809,yes,submitted,2026-05-09T20:54:53.187Z,88504,freshdesk,matched
1865412890,yes,89479,Closed,GPS Control Deviation,2026-05-12 11:02:21,yes,Ready to Review,Pending,750,yes,submitted,2026-05-12T15:02:28.694Z,89479,freshdesk,matched
1865422570,yes,88635,Closed,GPS Control Deviation,2026-05-09 19:32:24,yes,Resolved,Approved,1036,yes,submitted,2026-05-09T23:32:32.780Z,88635,freshdesk,matched
1865434170,yes,88435,Closed,GPS Control Deviation,2026-05-09 16:34:15,yes,Ready to Review,Pending,751,yes,submitted,2026-05-09T20:34:22.551Z,88435,freshdesk,matched
1865440650,yes,89966,Closed,GPS Control Deviation,2026-05-13 14:01:29,yes,Ready to Review,Pending,677,yes,submitted,2026-05-13T18:01:36.925Z,89966,freshdesk,matched
1865448980,no,,,,,yes,New,Pending,1342,no,,,,,group_only_never_submitted
1865455350,yes,91957,Closed,GPS Control Deviation,2026-05-19 18:05:53,yes,Ready to Review,Pending,967,yes,submitted,2026-05-19T22:06:42.751Z,91957,freshdesk,matched
1865492320,yes,88545,Closed,GPS Control Deviation,2026-05-09 17:28:26,yes,Ready to Review,Pending,776,yes,submitted,2026-05-09T21:28:33.685Z,88545,freshdesk,matched
1865532360,yes,88542,Closed,GPS Control Deviation,2026-05-09 17:03:37,yes,Ready to Review,Pending,735,yes,submitted,2026-05-09T21:03:44.567Z,88542,freshdesk,matched
1865549030,yes,91254,Closed,GPS Control Deviation,2026-05-18 14:00:59,yes,Ready to Review,Pending,1133,yes,submitted,2026-05-18T18:01:07.136Z,91254,freshdesk,matched
1865568110,yes,89612,Closed,GPS Control Deviation,2026-05-12 14:06:35,yes,Ready to Review,Pending,713,yes,submitted,2026-05-12T18:06:43.544Z,89612,freshdesk,matched
1865579390,no,,,,,yes,Resolved,Non-Issue,657,no,,,,,group_only_never_submitted
1865587200,yes,90253,Closed,GPS Control Deviation,2026-05-14 11:00:45,yes,Ready to Review,Pending,921,yes,submitted,2026-05-14T15:00:52.576Z,90253,freshdesk,matched
1865588840,no,,,,,yes,Ready to Review,Pending,878,yes,submitted,2026-05-13T18:04:13.764Z,AAMkAGFhMzgwZGJjLTNkNjktNDlhYS1hM2I4LTE3MmI4YTlkNzhmMgBGAAAAAAAUhYVsiS-zQLf1GEtAsll-BwBVKgS5MpITR5VyLl_UBcCwAAAAAAEPAABVKgS5MpITR5VyLl_UBcCwAAVJxvd9AAA=,outlook_email,submitted_but_not_in_portal_export
1865590940,yes,88518,Closed,GPS Control Deviation,2026-05-09 16:57:32,yes,Ready to Review,Pending,759,yes,submitted,2026-05-09T20:57:39.807Z,88518,freshdesk,matched
1865592840,yes,90670,Closed,GPS Control Deviation,2026-05-15 14:02:28,yes,Denied,Denied,846,yes,submitted,2026-05-15T18:02:36.314Z,90670,freshdesk,matched
1865595470,no,,,,,yes,Needs Review,Pending,1320,no,,,,,group_only_never_submitted
1865618290,yes,89960,Closed,GPS Control Deviation,2026-05-13 14:00:35,yes,Ready to Review,Pending,685,yes,submitted,2026-05-13T18:00:42.928Z,89960,freshdesk,matched
1865641650,yes,88674,Closed,GPS Control Deviation,2026-05-09 19:43:33,yes,Resolved,Pending,849,yes,submitted,2026-05-09T23:43:40.199Z,88674,freshdesk,matched
1865645490,yes,88696,Closed,GPS Control Deviation,2026-05-09 19:49:46,yes,Ready to Review,Pending,972,no,,,,,on_portal_but_we_have_not_submitted
1865645630,yes,88492,Closed,GPS Control Deviation,2026-05-09 16:50:20,yes,Resolved,Approved,817,yes,submitted,2026-05-09T20:50:28.127Z,88492,freshdesk,matched
1865654320,yes,89480,Closed,GPS Control Deviation,2026-05-12 11:02:37,yes,Ready to Review,Pending,749,yes,submitted,2026-05-12T15:02:45.080Z,89480,freshdesk,matched
1865663150,no,,,,,yes,Denied,Denied,682,yes,submitted,2026-05-15T20:24:22.442Z,AAMkAGFhMzgwZGJjLTNkNjktNDlhYS1hM2I4LTE3MmI4YTlkNzhmMgBGAAAAAAAUhYVsiS-zQLf1GEtAsll-BwBVKgS5MpITR5VyLl_UBcCwAAAAAAEPAABVKgS5MpITR5VyLl_UBcCwAAVJxve9AAA=,outlook_email,submitted_but_not_in_portal_export
1865669820,yes,90249|90250,Closed|Closed,GPS Control Deviation,2026-05-14 11:00:10,yes,Ready to Review,Pending,931,yes,submitted,2026-05-14T15:00:18.564Z,90250,freshdesk,matched
1865678350,yes,89476,Closed,GPS Control Deviation,2026-05-12 11:01:47,yes,Ready to Review,Pending,753,yes,submitted,2026-05-12T15:01:54.791Z,89476,freshdesk,matched
1865680390,yes,88406,Closed,GPS Control Deviation,2026-05-09 16:20:24,yes,Ready to Review,Pending,808,yes,submitted,2026-05-09T20:20:32.174Z,88406,freshdesk,matched
1865685670,no,,,,,yes,Denied,Denied,829,yes,submitted,2026-05-15T18:04:01.170Z,AAMkAGFhMzgwZGJjLTNkNjktNDlhYS1hM2I4LTE3MmI4YTlkNzhmMgBGAAAAAAAUhYVsiS-zQLf1GEtAsll-BwBVKgS5MpITR5VyLl_UBcCwAAAAAAEPAABVKgS5MpITR5VyLl_UBcCwAAVJxve1AAA=,outlook_email,submitted_but_not_in_portal_export
1865697140,yes,88582,Closed,GPS Control Deviation,2026-05-09 17:39:08,yes,Ready to Review,Pending,667,yes,submitted,2026-05-09T21:39:15.566Z,88582,freshdesk,matched
1865701580,yes,88477,Closed,GPS Control Deviation,2026-05-09 16:46:10,yes,Resolved,Approved,813,yes,submitted,2026-05-09T20:46:17.970Z,88477,freshdesk,matched
1865721010,yes,88659,Closed,GPS Control Deviation,2026-05-09 19:39:27,yes,Ready to Review,Pending,785,no,,,,,on_portal_but_we_have_not_submitted
1865732380,yes,89274,Closed,GPS Control Deviation,2026-05-11 22:02:28,yes,Ready to Review,Pending,774,yes,submitted,2026-05-12T02:02:35.955Z,89274,freshdesk,matched
1865742660,no,,,,,yes,Resolved,Non-Issue,860,no,,,,,group_only_never_submitted
1865745910,yes,88592,Closed,GPS Control Deviation,2026-05-09 17:41:55,yes,Ready to Review,Pending,768,no,,,,,on_portal_but_we_have_not_submitted
1865747360,yes,88487,Closed,GPS Control Deviation,2026-05-09 16:48:49,yes,Ready to Review,Pending,810,yes,submitted,2026-05-09T20:48:56.383Z,88487,freshdesk,matched
1865755020,yes,88661,Closed,GPS Control Deviation,2026-05-09 19:39:59,yes,Ready to Review,Pending,854,no,,,,,on_portal_but_we_have_not_submitted
1865768890,yes,90474,Closed,GPS Control Deviation,2026-05-14 18:00:11,yes,Ready to Review,Pending,668,yes,submitted,2026-05-14T22:00:18.451Z,90474,freshdesk,matched
1865775990,yes,88510,Closed,GPS Control Deviation,2026-05-09 16:55:17,yes,Ready to Review,Pending,669,yes,submitted,2026-05-09T20:55:24.474Z,88510,freshdesk,matched
1865776260,yes,90362,Closed,GPS Control Deviation,2026-05-14 14:00:14,yes,Ready to Review,Pending,910,yes,submitted,2026-05-14T18:00:23.084Z,90362,freshdesk,matched
1865787130,yes,88411,Closed,GPS Control Deviation,2026-05-09 16:21:31,yes,Ready to Review,Pending,956,yes,submitted,2026-05-09T20:21:38.285Z,88411,freshdesk,matched
1865787260,yes,88473,Closed,GPS Control Deviation,2026-05-09 16:45:00,yes,Ready to Review,Pending,670,yes,submitted,2026-05-09T20:45:07.390Z,88473,freshdesk,matched
1865791280,yes,90462,Closed,GPS Control Deviation,2026-05-14 17:05:20,yes,Ready to Review,Pending,894,yes,submitted,2026-05-14T21:05:27.942Z,90462,freshdesk,matched
1865792180,yes,88680,Closed,GPS Control Deviation,2026-05-09 19:45:16,yes,Ready to Review,Pending,982,no,,,,,on_portal_but_we_have_not_submitted
1865792610,no,,,,,yes,Needs Review,Pending,1492,no,,,,,group_only_never_submitted
1865797950,yes,88481,Closed,GPS Control Deviation,2026-05-09 16:47:20,yes,Resolved,Approved,671,yes,submitted,2026-05-09T20:47:27.179Z,88481,freshdesk,matched
1865798990,yes,90674,Closed,GPS Control Deviation,2026-05-15 14:03:47,yes,Denied,Denied,830,yes,submitted,2026-05-15T18:03:55.042Z,90674,freshdesk,matched
1865799080,yes,89477,Closed,GPS Control Deviation,2026-05-12 11:02:03,yes,Ready to Review,Pending,752,yes,submitted,2026-05-12T15:02:11.148Z,89477,freshdesk,matched
1865805160,yes,90258,Closed,GPS Control Deviation,2026-05-14 11:01:31,yes,Ready to Review,Pending,915,yes,submitted,2026-05-14T15:01:39.233Z,90258,freshdesk,matched
1865809580,yes,88660,Closed,GPS Control Deviation,2026-05-09 19:39:43,yes,Ready to Review,Pending,856,no,,,,,on_portal_but_we_have_not_submitted
1865813020,yes,89972,Closed,GPS Control Deviation,2026-05-13 14:02:52,yes,Ready to Review,Pending,841,yes,submitted,2026-05-13T18:02:59.543Z,89972,freshdesk,matched
1865860670,yes,88489,Closed,GPS Control Deviation,2026-05-09 16:49:25,yes,Resolved,Approved,819,yes,submitted,2026-05-09T20:49:33.689Z,88489,freshdesk,matched
1865878250,yes,88600,Closed,GPS Control Deviation,2026-05-09 17:44:09,yes,Ready to Review,Pending,780,no,,,,,on_portal_but_we_have_not_submitted
1865902750,yes,89958|89957,Closed|Closed,GPS Control Deviation,2026-05-13 14:00:20,yes,Ready to Review,Pending,687,yes,submitted,2026-05-13T18:00:27.543Z,89958,freshdesk,matched
1865906820,yes,89974,Closed,GPS Control Deviation,2026-05-13 14:03:10,yes,Ready to Review,Pending,702,yes,submitted,2026-05-13T18:03:18.078Z,89974,freshdesk,matched
1865928660,yes,90257,Closed,GPS Control Deviation,2026-05-14 11:01:20,yes,Ready to Review,Pending,916,yes,submitted,2026-05-14T15:01:27.575Z,90257,freshdesk,matched
1865939060,no,,,,,yes,Awaiting Response,Pending,844,yes,submitted,2026-05-15T18:02:42.313Z,AAMkAGFhMzgwZGJjLTNkNjktNDlhYS1hM2I4LTE3MmI4YTlkNzhmMgBGAAAAAAAUhYVsiS-zQLf1GEtAsll-BwBVKgS5MpITR5VyLl_UBcCwAAAAAAEPAABVKgS5MpITR5VyLl_UBcCwAAVJxvexAAA=,outlook_email,submitted_but_not_in_portal_export
1865942070,yes,92410,Closed,GPS Control Deviation,2026-05-20 18:53:58,yes,Ready to Review,Pending,1739,yes,submitted,2026-05-20T22:54:05.674Z,92410,freshdesk,matched
1865966760,yes,88569,Closed,GPS Control Deviation,2026-05-09 17:35:23,yes,Ready to Review,Pending,944,no,,,,,on_portal_but_we_have_not_submitted
1865987650,yes,88432,Closed,GPS Control Deviation,2026-05-09 16:33:25,yes,Ready to Review,Pending,746,yes,submitted,2026-05-09T20:33:32.739Z,88432,freshdesk,matched
1865988910,yes,89959,Closed,GPS Control Deviation,2026-05-13 14:00:35,yes,Ready to Review,Pending,686,yes,submitted,2026-05-13T18:00:43.263Z,89959,freshdesk,matched
1865998520,yes,91771,Closed,GPS Control Deviation,2026-05-19 14:00:35,yes,Ready to Review,Pending,1184,yes,submitted,2026-05-19T18:00:42.709Z,91771,freshdesk,matched
1866027340,yes,90070,Closed,GPS Control Deviation,2026-05-13 18:00:30,yes,Ready to Review,Pending,934,yes,submitted,2026-05-13T22:00:38.374Z,90070,freshdesk,matched
1866052080,yes,91768,Closed,GPS Control Deviation,2026-05-19 14:00:28,yes,Ready to Review,Pending,1223,yes,submitted,2026-05-19T18:00:35.535Z,91768,freshdesk,matched
1866071650,yes,88657,Closed,GPS Control Deviation,2026-05-09 19:38:55,yes,Ready to Review,Pending,943,no,,,,,on_portal_but_we_have_not_submitted
1866078470,yes,90374,Closed,GPS Control Deviation,2026-05-14 14:03:34,yes,Ready to Review,Pending,726,yes,submitted,2026-05-14T18:03:42.332Z,90374,freshdesk,matched
1866087450,yes,90251,Closed,GPS Control Deviation,2026-05-14 11:00:28,yes,Ready to Review,Pending,922,yes,submitted,2026-05-14T15:00:35.764Z,90251,freshdesk,matched
1866108300,yes,88653,Closed,GPS Control Deviation,2026-05-09 19:37:47,yes,Resolved,Approved,1069,yes,submitted,2026-05-09T23:37:54.571Z,88653,freshdesk,matched
1866124290,yes,88662,Closed,GPS Control Deviation,2026-05-09 19:40:15,yes,Ready to Review,Pending,853,no,,,,,on_portal_but_we_have_not_submitted
1866138350,yes,88494,Closed,GPS Control Deviation,2026-05-09 16:50:58,yes,Ready to Review,Pending,812,yes,submitted,2026-05-09T20:51:05.959Z,88494,freshdesk,matched
1866140880,yes,90375,Closed,GPS Control Deviation,2026-05-14 14:03:54,yes,Ready to Review,Pending,673,yes,submitted,2026-05-14T18:04:01.603Z,90375,freshdesk,matched
1866165180,yes,91260,Closed,GPS Control Deviation,2026-05-18 14:01:41,yes,Ready to Review,Pending,1131,yes,submitted,2026-05-18T18:01:49.632Z,91260,freshdesk,matched
1866182750,yes,88585,Closed,GPS Control Deviation,2026-05-09 17:39:55,yes,Ready to Review,Pending,965,no,,,,,on_portal_but_we_have_not_submitted
1866199530,yes,88524,Closed,GPS Control Deviation,2026-05-09 16:59:14,yes,Ready to Review,Pending,795,yes,submitted,2026-05-09T20:59:21.716Z,88524,freshdesk,matched
1866208580,yes,88624,Closed,GPS Control Deviation,2026-05-09 19:29:11,yes,Denied,Denied,1008,yes,submitted,2026-05-09T23:29:18.728Z,88624,freshdesk,matched
1866234850,no,,,,,yes,Ready to Review,Pending,871,yes,submitted,2026-05-09T23:42:04.506Z,AAMkAGFhMzgwZGJjLTNkNjktNDlhYS1hM2I4LTE3MmI4YTlkNzhmMgBGAAAAAAAUhYVsiS-zQLf1GEtAsll-BwBVKgS5MpITR5VyLl_UBcCwAAAAAAEPAABVKgS5MpITR5VyLl_UBcCwAAVG5lcLAAA=,outlook_email,submitted_but_not_in_portal_export
1866293280,yes,88535,Closed,GPS Control Deviation,2026-05-09 17:01:53,yes,Ready to Review,Pending,887,yes,submitted,2026-05-09T21:02:00.015Z,88535,freshdesk,matched
1866305830,yes,88520,Closed,GPS Control Deviation,2026-05-09 16:58:05,yes,Ready to Review,Pending,756,yes,submitted,2026-05-09T20:58:12.011Z,88520,freshdesk,matched
1866339270,yes,90452,Closed,GPS Control Deviation,2026-05-14 17:02:33,yes,Ready to Review,Pending,985,yes,submitted,2026-05-14T21:02:40.953Z,90452,freshdesk,matched
1866343350,no,,,,,yes,Ready to Review,Pending,760,yes,submitted,2026-05-15T18:06:12.164Z,AAMkAGFhMzgwZGJjLTNkNjktNDlhYS1hM2I4LTE3MmI4YTlkNzhmMgBGAAAAAAAUhYVsiS-zQLf1GEtAsll-BwBVKgS5MpITR5VyLl_UBcCwAAAAAAEPAABVKgS5MpITR5VyLl_UBcCwAAVJxve7AAA=,outlook_email,submitted_but_not_in_portal_export
1866349120,yes,89594,Closed,GPS Control Deviation,2026-05-12 14:01:29,yes,Ready to Review,Pending,721,yes,submitted,2026-05-12T18:01:36.861Z,89594,freshdesk,matched
1866371230,no,,,,,yes,New,Pending,1333,no,,,,,group_only_never_submitted
1866373240,yes,91251,Closed,GPS Control Deviation,2026-05-18 14:00:11,yes,Ready to Review,Pending,936,yes,submitted,2026-05-18T18:00:19.697Z,91251,freshdesk,matched
1866375850,yes,88533,Closed,GPS Control Deviation,2026-05-09 17:01:21,yes,Ready to Review,Pending,786,yes,submitted,2026-05-09T21:01:27.914Z,88533,freshdesk,matched
1866395080,yes,88431,Closed,GPS Control Deviation,2026-05-09 16:33:09,yes,Ready to Review,Pending,743,yes,submitted,2026-05-09T20:33:16.329Z,88431,freshdesk,matched
1866405850,yes,88590,Closed,GPS Control Deviation,2026-05-09 17:41:22,yes,Ready to Review,Pending,765,no,,,,,on_portal_but_we_have_not_submitted
1866406240,yes,88488,Closed,GPS Control Deviation,2026-05-09 16:49:06,yes,Ready to Review,Pending,820,yes,submitted,2026-05-09T20:49:13.675Z,88488,freshdesk,matched
1866411190,yes,88508,Closed,GPS Control Deviation,2026-05-09 16:54:44,yes,Ready to Review,Pending,788,yes,submitted,2026-05-09T20:54:51.338Z,88508,freshdesk,matched
1866413320,no,,,,,no,,,,yes,submitted,2026-05-15T18:06:00.496Z,AAMkAGFhMzgwZGJjLTNkNjktNDlhYS1hM2I4LTE3MmI4YTlkNzhmMgBGAAAAAAAUhYVsiS-zQLf1GEtAsll-BwBVKgS5MpITR5VyLl_UBcCwAAAAAAEPAABVKgS5MpITR5VyLl_UBcCwAAVJxve5AAA=,outlook_email,submitted_but_not_in_portal_export
1866416290,no,,,,,yes,Ready to Review,Pending,755,yes,submitted,2026-05-15T18:05:54.712Z,AAMkAGFhMzgwZGJjLTNkNjktNDlhYS1hM2I4LTE3MmI4YTlkNzhmMgBGAAAAAAAUhYVsiS-zQLf1GEtAsll-BwBVKgS5MpITR5VyLl_UBcCwAAAAAAEPAABVKgS5MpITR5VyLl_UBcCwAAVJxve4AAA=,outlook_email,submitted_but_not_in_portal_export
1866426190,no,,,,,yes,Ready to Review,Pending,734,no,,,,,group_only_never_submitted
1866451770,yes,88656,Closed,GPS Control Deviation,2026-05-09 19:38:39,yes,Ready to Review,Pending,870,no,,,,,on_portal_but_we_have_not_submitted
1866453540,yes,89244,Closed,GPS Control Deviation,2026-05-11 18:42:41,yes,Ready to Review,Pending,761,yes,submitted,2026-05-11T22:42:48.250Z,89244,freshdesk,matched
1866472030,yes,88550,Closed,GPS Control Deviation,2026-05-09 17:29:48,yes,Ready to Review,Pending,995,no,,,,,on_portal_but_we_have_not_submitted
1866484320,yes,88670,Closed,GPS Control Deviation,2026-05-09 19:42:30,yes,Ready to Review,Pending,1013,no,,,,,on_portal_but_we_have_not_submitted
1866528720,yes,88546,Closed,GPS Control Deviation,2026-05-09 17:28:44,yes,Ready to Review,Pending,964,yes,submitted,2026-05-09T21:28:50.903Z,88546,freshdesk,matched
1866534020,yes,88691,Closed,GPS Control Deviation,2026-05-09 19:48:22,yes,Ready to Review,Pending,925,yes,submitted,2026-05-09T23:48:30.439Z,88691,freshdesk,matched
1866545460,no,,,,,yes,Needs Review,Pending,1534,no,,,,,group_only_never_submitted
1866555220,yes,90252,Closed,GPS Control Deviation,2026-05-14 11:00:31,yes,Ready to Review,Pending,927,yes,submitted,2026-05-14T15:00:40.170Z,90252,freshdesk,matched
1866593570,yes,88501,Closed,GPS Control Deviation,2026-05-09 16:53:01,yes,Ready to Review,Pending,801,yes,submitted,2026-05-09T20:53:09.203Z,88501,freshdesk,matched
1866602090,yes,88434,Closed,GPS Control Deviation,2026-05-09 16:33:59,yes,Ready to Review,Pending,783,yes,submitted,2026-05-09T20:34:06.179Z,88434,freshdesk,matched
1866614010,yes,88514,Closed,GPS Control Deviation,2026-05-09 16:56:22,yes,Ready to Review,Pending,790,yes,submitted,2026-05-09T20:56:29.416Z,88514,freshdesk,matched
1866614430,no,,,,,yes,Resolved,Withdrawn,818,no,,,,,group_only_never_submitted
1866629420,yes,88531,Closed,GPS Control Deviation,2026-05-09 17:00:45,yes,Ready to Review,Pending,794,yes,submitted,2026-05-09T21:00:53.099Z,88531,freshdesk,matched
1866633340,yes,88500,Closed,GPS Control Deviation,2026-05-09 16:52:44,yes,Resolved,Approved,803,yes,submitted,2026-05-09T20:52:51.458Z,88500,freshdesk,matched
1866656650,yes,88667,Closed,GPS Control Deviation,2026-05-09 19:41:36,yes,Ready to Review,Pending,954,no,,,,,on_portal_but_we_have_not_submitted
1866664480,yes,88673,Closed,GPS Control Deviation,2026-05-09 19:43:17,yes,Denied,Denied,868,yes,submitted,2026-05-09T23:43:25.175Z,88673,freshdesk,matched
1866721470,yes,90369,Closed,GPS Control Deviation,2026-05-14 14:02:12,yes,Ready to Review,Pending,903,yes,submitted,2026-05-14T18:02:19.616Z,90369,freshdesk,matched
1866743710,no,,,,,yes,MAS Eligible,Pending,1029,no,,,,,group_only_never_submitted
1866768710,no,,,,,yes,Ready to Review,Pending,883,yes,submitted,2026-05-09T21:02:54.379Z,AAMkAGFhMzgwZGJjLTNkNjktNDlhYS1hM2I4LTE3MmI4YTlkNzhmMgBGAAAAAAAUhYVsiS-zQLf1GEtAsll-BwBVKgS5MpITR5VyLl_UBcCwAAAAAAEPAABVKgS5MpITR5VyLl_UBcCwAAVG5lcIAAA=,outlook_email,submitted_but_not_in_portal_export
1866770580,yes,88579,Closed,GPS Control Deviation,2026-05-09 17:38:17,yes,Ready to Review,Pending,880,no,,,,,on_portal_but_we_have_not_submitted
1866770790,yes,90368,Closed,GPS Control Deviation,2026-05-14 14:01:54,yes,Ready to Review,Pending,904,yes,submitted,2026-05-14T18:02:02.435Z,90368,freshdesk,matched
1866774280,yes,90459,Closed,GPS Control Deviation,2026-05-14 17:04:41,yes,Ready to Review,Pending,896,yes,submitted,2026-05-14T21:04:48.270Z,90459,freshdesk,matched
1866788400,yes,90664,Closed,GPS Control Deviation,2026-05-15 14:00:27,yes,Ready to Review,Pending,1049,yes,submitted,2026-05-15T18:00:35.660Z,90664,freshdesk,matched
1866853020,yes,88560,Closed,GPS Control Deviation,2026-05-09 17:32:46,yes,Ready to Review,Pending,888,yes,submitted,2026-05-09T21:32:53.192Z,88560,freshdesk,matched
1866877090,yes,88586,Closed,GPS Control Deviation,2026-05-09 17:40:13,yes,Ready to Review,Pending,1016,yes,submitted,2026-05-09T21:40:20.378Z,88586,freshdesk,matched
1866891300,yes,90465,Closed,GPS Control Deviation,2026-05-14 17:06:15,yes,Ready to Review,Pending,890,yes,submitted,2026-05-14T21:06:22.993Z,90465,freshdesk,matched
1866914320,yes,90450,Closed,GPS Control Deviation,2026-05-14 17:02:15,yes,Ready to Review,Pending,1119,yes,submitted,2026-05-14T21:02:23.707Z,90450,freshdesk,matched
1866940540,no,,,,,yes,New,Pending,1708,no,,,,,group_only_never_submitted
1866945830,yes,88543,Closed,GPS Control Deviation,2026-05-09 17:03:55,yes,Ready to Review,Pending,906,yes,submitted,2026-05-09T21:04:02.990Z,88543,freshdesk,matched
1866967230,yes,88669,Closed,GPS Control Deviation,2026-05-09 19:42:14,yes,Denied,Denied,1014,yes,submitted,2026-05-09T23:42:21.471Z,88669,freshdesk,matched
1867016990,no,,,,,yes,New,Pending,1329,no,,,,,group_only_never_submitted
1867047080,no,,,,,yes,Needs Review,Pending,1523,no,,,,,group_only_never_submitted
1867049880,no,,,,,yes,Resolved,Non-Issue,855,no,,,,,group_only_never_submitted
1867258960,yes,88699,Closed,GPS Control Deviation,2026-05-09 19:50:35,yes,Denied,Denied,968,yes,submitted,2026-05-09T23:50:41.967Z,88699,freshdesk,matched
1867303030,yes,88695,Closed,GPS Control Deviation,2026-05-09 19:49:30,yes,Ready to Review,Pending,976,no,,,,,on_portal_but_we_have_not_submitted
1867303050,yes,88681,Closed,GPS Control Deviation,2026-05-09 19:45:32,yes,Ready to Review,Pending,1017,no,,,,,on_portal_but_we_have_not_submitted
1867304490,no,,,,,yes,Ready to Review,Pending,945,yes,submitted,2026-05-09T23:47:25.228Z,AAMkAGFhMzgwZGJjLTNkNjktNDlhYS1hM2I4LTE3MmI4YTlkNzhmMgBGAAAAAAAUhYVsiS-zQLf1GEtAsll-BwBVKgS5MpITR5VyLl_UBcCwAAAAAAEPAABVKgS5MpITR5VyLl_UBcCwAAVG5lcNAAA=,outlook_email,submitted_but_not_in_portal_export
1867318810,yes,90665,Closed,GPS Control Deviation,2026-05-15 14:00:47,yes,Ready to Review,Pending,893,yes,submitted,2026-05-15T18:00:54.535Z,90665,freshdesk,matched
1867331080,no,,,,,yes,New,Pending,1501,no,,,,,group_only_never_submitted
1867348970,yes,88637,Closed,GPS Control Deviation,2026-05-09 19:32:59,yes,Resolved,Pending,946,yes,submitted,2026-05-09T23:33:06.727Z,88637,freshdesk,matched
1867358700,yes,88677,Closed,GPS Control Deviation,2026-05-09 19:44:21,yes,Ready to Review,Pending,1023,yes,submitted,2026-05-09T23:44:28.262Z,88677,freshdesk,matched
1867375700,yes,91263,Closed,GPS Control Deviation,2026-05-18 14:02:29,yes,Ready to Review,Pending,1187,yes,submitted,2026-05-18T18:02:36.537Z,91263,freshdesk,matched
1867381380,yes,90463,Closed,GPS Control Deviation,2026-05-14 17:05:37,yes,Ready to Review,Pending,892,yes,submitted,2026-05-14T21:05:44.648Z,90463,freshdesk,matched
1867382910,no,,,,,yes,Awaiting Response,Pending,941,yes,submitted,2026-05-14T15:02:13.392Z,portal-1778770933159,outlook_email,submitted_but_not_in_portal_export
1867386010,yes,91252,Closed,GPS Control Deviation,2026-05-18 14:00:28,yes,Denied,Denied,901,yes,submitted,2026-05-18T18:00:36.102Z,91252,freshdesk,matched
1867449440,yes,88675,Closed,GPS Control Deviation,2026-05-09 19:43:49,yes,Ready to Review,Pending,971,yes,submitted,2026-05-09T23:43:55.934Z,88675,freshdesk,matched
1867514070,yes,88588,Closed,GPS Control Deviation,2026-05-09 17:40:47,yes,Resolved,Approved,1053,yes,submitted,2026-05-09T21:40:54.155Z,88588,freshdesk,matched
1867515240,no,,,,,yes,Awaiting Response,Pending,938,yes,submitted,2026-05-13T18:02:12.394Z,portal-1778695332237,outlook_email,submitted_but_not_in_portal_export
1867530330,no,,,,,yes,New,Pending,1408,no,,,,,group_only_never_submitted
1867530440,no,,,,,yes,New,Pending,1703,no,,,,,group_only_never_submitted
1867530990,yes,88704,Closed,GPS Control Deviation,2026-05-09 19:51:57,yes,Ready to Review,Pending,958,yes,submitted,2026-05-09T23:52:04.411Z,88704,freshdesk,matched
1867540860,yes,88541,Closed,GPS Control Deviation,2026-05-09 17:03:21,yes,Denied,Denied,949,yes,submitted,2026-05-09T21:03:28.380Z,88541,freshdesk,matched
1867552340,yes,90259,Closed,GPS Control Deviation,2026-05-14 11:02:15,yes,Ready to Review,Pending,937,yes,submitted,2026-05-14T15:02:24.323Z,90259,freshdesk,matched
1867569440,yes,90466,Closed,GPS Control Deviation,2026-05-14 17:06:32,yes,Denied,Denied,990,yes,submitted,2026-05-14T21:06:39.256Z,90466,freshdesk,matched
1867603120,no,,,,,no,,,,yes,submitted,2026-05-18T18:00:48.426Z,AAMkAGFhMzgwZGJjLTNkNjktNDlhYS1hM2I4LTE3MmI4YTlkNzhmMgBGAAAAAAAUhYVsiS-zQLf1GEtAsll-BwBVKgS5MpITR5VyLl_UBcCwAAAAAAEPAABVKgS5MpITR5VyLl_UBcCwAAVNCWIpAAA=,outlook_email,submitted_but_not_in_portal_export
1867660090,yes,90069,Closed,GPS Control Deviation,2026-05-13 18:00:10,yes,Ready to Review,Pending,935,yes,submitted,2026-05-13T22:00:17.430Z,90069,freshdesk,matched
1867724090,no,,,,,yes,Awaiting Response,Pending,939,yes,submitted,2026-05-13T18:02:05.430Z,portal-1778695325245,outlook_email,submitted_but_not_in_portal_export
1867749370,yes,92721,Open,GPS Control Deviation,2026-05-21 14:02:38,yes,Ready to Review,Pending,1156,yes,submitted,2026-05-21T18:02:46.557Z,92721,freshdesk,matched
1867835390,yes,88558,Closed,GPS Control Deviation,2026-05-09 17:32:13,yes,Denied,Denied,948,yes,submitted,2026-05-09T21:32:21.474Z,88558,freshdesk,matched
1867852730,yes,88694,Closed,GPS Control Deviation,2026-05-09 19:49:14,yes,Ready to Review,Pending,977,yes,submitted,2026-05-09T23:49:21.426Z,88694,freshdesk,matched
1867885480,yes,88571,Closed,GPS Control Deviation,2026-05-09 17:35:55,yes,Ready to Review,Pending,998,no,,,,,on_portal_but_we_have_not_submitted
1867906190,yes,88629,Closed,GPS Control Deviation,2026-05-09 19:30:38,yes,Ready to Review,Pending,996,yes,submitted,2026-05-09T23:30:45.199Z,88629,freshdesk,matched
1867908460,yes,90746,Closed,GPS Control Deviation,2026-05-15 16:22:32,yes,Ready to Review,Pending,1092,yes,submitted,2026-05-15T20:22:40.888Z,90746,freshdesk,matched
1867910910,yes,88570,Closed,GPS Control Deviation,2026-05-09 17:35:39,yes,Ready to Review,Pending,966,no,,,,,on_portal_but_we_have_not_submitted
1867928680,yes,88597,Closed,GPS Control Deviation,2026-05-09 17:43:16,yes,Ready to Review,Pending,951,yes,submitted,2026-05-09T21:43:23.474Z,88597,freshdesk,matched
1867930190,yes,88614,Closed,GPS Control Deviation,2026-05-09 19:26:22,yes,Ready to Review,Pending,1024,yes,submitted,2026-05-09T23:26:29.558Z,88614,freshdesk,matched
1867941860,yes,88684,Closed,GPS Control Deviation,2026-05-09 19:46:23,yes,Ready to Review,Pending,952,yes,submitted,2026-05-09T23:46:30.912Z,88684,freshdesk,matched
1868037610,no,,,,,yes,Resolved,Non-Issue,1128,no,,,,,group_only_never_submitted
1868039310,yes,91253,Closed,GPS Control Deviation,2026-05-18 14:00:37,yes,Denied,Denied,988,yes,submitted,2026-05-18T18:00:45.449Z,91253,freshdesk,matched
1868042590,no,,,,,yes,Needs Review,Pending,1369,no,,,,,group_only_never_submitted
1868043180,no,,,,,yes,Needs Review,Pending,1259,no,,,,,group_only_never_submitted
1868044900,no,,,,,yes,Resolved,Non-Issue,1026,no,,,,,group_only_never_submitted
1868046220,yes,92162,Closed,GPS Control Deviation,2026-05-20 11:02:30,yes,Ready to Review,Pending,1121,yes,submitted,2026-05-20T15:02:38.798Z,92162,freshdesk,matched
1868052010,no,,,,,yes,New,Pending,1328,no,,,,,group_only_never_submitted
1868176010,no,,,,,yes,New,Pending,1476,no,,,,,group_only_never_submitted
1868195000,yes,92418,Closed,GPS Control Deviation,2026-05-20 18:56:19,yes,Ready to Review,Pending,1086,yes,submitted,2026-05-20T22:56:26.347Z,92418,freshdesk,matched
1868200380,no,,,,,yes,Needs Review,Pending,1165,no,,,,,group_only_never_submitted
1868212480,yes,90667,Closed,GPS Control Deviation,2026-05-15 14:01:33,yes,Ready to Review,Pending,1117,yes,submitted,2026-05-15T18:01:41.420Z,90667,freshdesk,matched
1868212850,no,,,,,yes,New,Pending,1858,no,,,,,group_only_never_submitted
1868227650,yes,90676,Closed,GPS Control Deviation,2026-05-15 14:04:31,yes,Ready to Review,Pending,1112,yes,submitted,2026-05-15T18:04:38.955Z,90676,freshdesk,matched
1868247460,no,,,,,yes,Resolved,Non-Issue,987,no,,,,,group_only_never_submitted
1868299570,yes,90748,Closed,GPS Control Deviation,2026-05-15 16:23:11,yes,Ready to Review,Pending,1091,yes,submitted,2026-05-15T20:23:19.870Z,90748,freshdesk,matched
1868364910,yes,92279,Closed,GPS Control Deviation,2026-05-20 14:03:31,yes,Ready to Review,Pending,1291,yes,submitted,2026-05-20T18:03:39.013Z,92279,freshdesk,matched
1868404170,yes,88598,Closed,GPS Control Deviation,2026-05-09 17:43:33,yes,Ready to Review,Pending,984,yes,submitted,2026-05-09T21:43:40.880Z,88598,freshdesk,matched
1868410760,yes,88692,Closed,GPS Control Deviation,2026-05-09 19:48:40,yes,Ready to Review,Pending,983,yes,submitted,2026-05-09T23:48:48.020Z,88692,freshdesk,matched
1868492140,yes,88623,Closed,GPS Control Deviation,2026-05-09 19:28:53,yes,Ready to Review,Pending,1030,no,,,,,on_portal_but_we_have_not_submitted
1868539040,yes,92723,Open,GPS Control Deviation,2026-05-21 14:03:11,yes,Ready to Review,Pending,1136,yes,submitted,2026-05-21T18:03:18.947Z,92723,freshdesk,matched
1868569860,yes,91261,Closed,GPS Control Deviation,2026-05-18 14:02:12,yes,Ready to Review,Pending,1195,yes,submitted,2026-05-18T18:02:20.206Z,91261,freshdesk,matched
1868570660,no,,,,,no,,,,yes,submitted,2026-05-20T22:08:47.956Z,AAMkAGFhMzgwZGJjLTNkNjktNDlhYS1hM2I4LTE3MmI4YTlkNzhmMgBGAAAAAAAUhYVsiS-zQLf1GEtAsll-BwBVKgS5MpITR5VyLl_UBcCwAAAAAAEPAABVKgS5MpITR5VyLl_UBcCwAAVOMsiQAAA=,outlook_email,submitted_but_not_in_portal_export
1868587650,no,,,,,yes,Resolved,Non-Issue,981,no,,,,,group_only_never_submitted
1868592730,no,,,,,yes,New,Pending,1724,no,,,,,group_only_never_submitted
1868611580,yes,88627,Closed,GPS Control Deviation,2026-05-09 19:30:04,yes,Ready to Review,Pending,1001,yes,submitted,2026-05-09T23:30:12.300Z,88627,freshdesk,matched
1868615630,no,,,,,yes,New,Pending,1538,no,,,,,group_only_never_submitted
1868653930,yes,92717,Open,GPS Control Deviation,2026-05-21 14:00:28,yes,Ready to Review,Pending,1194,yes,submitted,2026-05-21T18:00:36.387Z,92717,freshdesk,matched
1868655220,no,,,,,yes,Ready to Review,Pending,1215,yes,submitted,2026-05-21T15:01:20.109Z,AAMkAGFhMzgwZGJjLTNkNjktNDlhYS1hM2I4LTE3MmI4YTlkNzhmMgBGAAAAAAAUhYVsiS-zQLf1GEtAsll-BwBVKgS5MpITR5VyLl_UBcCwAAAAAAEPAABVKgS5MpITR5VyLl_UBcCwAAVOMsi5AAA=,outlook_email,submitted_but_not_in_portal_export
1868663890,yes,88672,Closed,GPS Control Deviation,2026-05-09 19:43:01,yes,Ready to Review,Pending,1019,no,,,,,on_portal_but_we_have_not_submitted
1868674970,no,,,,,yes,Ready to Review,Pending,980,yes,submitted,2026-05-20T22:52:36.668Z,AAMkAGFhMzgwZGJjLTNkNjktNDlhYS1hM2I4LTE3MmI4YTlkNzhmMgBGAAAAAAAUhYVsiS-zQLf1GEtAsll-BwBVKgS5MpITR5VyLl_UBcCwAAAAAAEPAABVKgS5MpITR5VyLl_UBcCwAAVOMsiaAAA=,outlook_email,submitted_but_not_in_portal_export
1868688970,yes,88581,Closed,GPS Control Deviation,2026-05-09 17:38:49,yes,Ready to Review,Pending,993,no,,,,,on_portal_but_we_have_not_submitted
1868697990,yes,91976,Closed,GPS Control Deviation,2026-05-19 19:09:34,yes,Ready to Review,Pending,1246,yes,submitted,2026-05-19T23:10:42.750Z,91976,freshdesk,matched
1868700720,no,,,,,yes,New,Pending,1575,no,,,,,group_only_never_submitted
1868724770,yes,88617,Closed,GPS Control Deviation,2026-05-09 19:27:12,yes,Ready to Review,Pending,1021,no,,,,,on_portal_but_we_have_not_submitted
1868728360,yes,88668,Closed,GPS Control Deviation,2026-05-09 19:41:52,yes,Ready to Review,Pending,1009,yes,submitted,2026-05-09T23:42:00.072Z,88668,freshdesk,matched
1868728680,no,,,,,yes,Resolved,Non-Issue,1106,no,,,,,group_only_never_submitted
1868731190,yes,90683,Closed,GPS Control Deviation,2026-05-15 14:07:19,yes,Ready to Review,Pending,1005,yes,submitted,2026-05-15T18:07:26.967Z,90683,freshdesk,matched
1868778430,no,,,,,yes,Resolved,Non-Issue,1150,no,,,,,group_only_never_submitted
1868842010,yes,88649,Closed,GPS Control Deviation,2026-05-09 19:36:36,yes,Resolved,Approved,1073,yes,submitted,2026-05-09T23:36:44.196Z,88649,freshdesk,matched
1868933720,yes,91109,Closed,GPS Control Deviation,2026-05-18 11:01:17,yes,Ready to Review,Pending,1143,yes,submitted,2026-05-18T15:01:25.235Z,91109,freshdesk,matched
1868964160,yes,90682,Closed,GPS Control Deviation,2026-05-15 14:06:56,yes,Ready to Review,Pending,1096,yes,submitted,2026-05-15T18:07:04.056Z,90682,freshdesk,matched
1868979110,no,,,,,yes,Resolved,Non-Issue,1109,no,,,,,group_only_never_submitted
1868985360,yes,88636,Closed,GPS Control Deviation,2026-05-09 19:32:42,yes,Resolved,Approved,1071,yes,submitted,2026-05-09T23:32:50.023Z,88636,freshdesk,matched
1868987500,yes,88419,Closed,GPS Control Deviation,2026-05-09 16:23:32,yes,Ready to Review,Pending,1050,yes,submitted,2026-05-09T20:23:40.311Z,88419,freshdesk,matched
1868994010,yes,88587,Closed,GPS Control Deviation,2026-05-09 17:40:30,yes,Denied,Denied,1084,yes,submitted,2026-05-09T21:40:37.987Z,88587,freshdesk,matched
1869055370,no,,,,,yes,Awaiting Response,Pending,1276,yes,submitted,2026-05-22T03:32:50.630Z,AAMkAGFhMzgwZGJjLTNkNjktNDlhYS1hM2I4LTE3MmI4YTlkNzhmMgBGAAAAAAAUhYVsiS-zQLf1GEtAsll-BwBVKgS5MpITR5VyLl_UBcCwAAAAAAEPAABVKgS5MpITR5VyLl_UBcCwAAVPhJdpAAA=,outlook_email,submitted_but_not_in_portal_export
1869106610,no,,,,,yes,Resolved,Non-Issue,1142,no,,,,,group_only_never_submitted
1869126250,no,,,,,yes,Ready to Review,Pending,1062,yes,submitted,2026-05-09T21:34:59.229Z,AAMkAGFhMzgwZGJjLTNkNjktNDlhYS1hM2I4LTE3MmI4YTlkNzhmMgBGAAAAAAAUhYVsiS-zQLf1GEtAsll-BwBVKgS5MpITR5VyLl_UBcCwAAAAAAEPAABVKgS5MpITR5VyLl_UBcCwAAVG5lcKAAA=,outlook_email,submitted_but_not_in_portal_export
1869141960,no,,,,,yes,MAS Eligible,Pending,1116,no,,,,,group_only_never_submitted
1869155350,yes,88643,Closed,GPS Control Deviation,2026-05-09 19:34:45,yes,Denied,Denied,1083,yes,submitted,2026-05-09T23:34:52.260Z,88643,freshdesk,matched
1869160580,no,,,,,yes,New,Pending,1269,no,,,,,group_only_never_submitted
1869194970,yes,88599|88449,Closed|Closed,GPS Control Deviation,2026-05-09 17:43:52,yes,Resolved,Approved,1051,yes,submitted,2026-05-09T21:43:59.951Z,88599,freshdesk,matched
1869205610,no,,,,,yes,Resolved,No Action Needed,1099,no,,,,,group_only_never_submitted
1869233230,no,,,,,yes,New,Pending,1803,no,,,,,group_only_never_submitted
1869247840,no,,,,,yes,Resolved,Non-Issue,1000,no,,,,,group_only_never_submitted
1869291750,no,,,,,yes,Resolved,Non-Issue,1066,no,,,,,group_only_never_submitted
1869298440,yes,91256,Closed,GPS Control Deviation,2026-05-18 14:01:21,yes,Ready to Review,Pending,1138,yes,submitted,2026-05-18T18:01:29.531Z,91256,freshdesk,matched
1869326580,no,,,,,yes,Ready to Review,Pending,1243,yes,submitted,2026-05-22T02:52:20.016Z,AAMkAGFhMzgwZGJjLTNkNjktNDlhYS1hM2I4LTE3MmI4YTlkNzhmMgBGAAAAAAAUhYVsiS-zQLf1GEtAsll-BwBVKgS5MpITR5VyLl_UBcCwAAAAAAEPAABVKgS5MpITR5VyLl_UBcCwAAVPhJdlAAA=,outlook_email,submitted_but_not_in_portal_export
1869331680,no,,,,,yes,New,Pending,1659,no,,,,,group_only_never_submitted
1869335120,yes,90671,Closed,GPS Control Deviation,2026-05-15 14:02:52,yes,Ready to Review,Pending,1115,yes,submitted,2026-05-15T18:03:01.327Z,90671,freshdesk,matched
1869343940,yes,88578,Closed,GPS Control Deviation,2026-05-09 17:38:00,yes,Resolved,Approved,1054,yes,submitted,2026-05-09T21:38:08.092Z,88578,freshdesk,matched
1869348250,yes,88632,Closed,GPS Control Deviation,2026-05-09 19:31:31,yes,Resolved,Approved,1037,yes,submitted,2026-05-09T23:31:39.351Z,88632,freshdesk,matched
1869359550,yes,90680,Closed,GPS Control Deviation,2026-05-15 14:06:22,yes,Ready to Review,Pending,1098,yes,submitted,2026-05-15T18:06:29.596Z,90680,freshdesk,matched
1869376810,no,,,,,yes,Resolved,No Action Needed,1003,no,,,,,group_only_never_submitted
1869377440,no,,,,,yes,Resolved,Non-Issue,1004,no,,,,,group_only_never_submitted
1869386580,yes,88589,Closed,GPS Control Deviation,2026-05-09 17:41:05,yes,Resolved,Approved,1061,yes,submitted,2026-05-09T21:41:13.103Z,88589,freshdesk,matched
1869397330,yes,88638,Closed,GPS Control Deviation,2026-05-09 19:33:16,yes,Ready to Review,Pending,1031,no,,,,,on_portal_but_we_have_not_submitted
1869398020,no,,,,,yes,New,Pending,1479,no,,,,,group_only_never_submitted
1869406590,no,,,,,yes,Resolved,Withdrawn,1039,no,,,,,group_only_never_submitted
1869415480,yes,88631,Closed,GPS Control Deviation,2026-05-09 19:31:13,yes,Resolved,Approved,1038,yes,submitted,2026-05-09T23:31:20.858Z,88631,freshdesk,matched
1869434080,yes,92028|91959,Closed|Closed,GPS Control Deviation,2026-05-20 08:00:29,yes,Denied,Denied,1044,yes,submitted,2026-05-20T12:00:37.753Z,92028,freshdesk,matched
1869447120,yes,88642,Closed,GPS Control Deviation,2026-05-09 19:34:27,yes,Resolved,Approved,1041,yes,submitted,2026-05-09T23:34:34.538Z,88642,freshdesk,matched
1869452960,yes,88564,Closed,GPS Control Deviation,2026-05-09 17:33:57,yes,Resolved,Approved,1045,yes,submitted,2026-05-09T21:34:05.263Z,88564,freshdesk,matched
1869454040,yes,88594,Closed,GPS Control Deviation,2026-05-09 17:42:28,yes,Ready to Review,Pending,1042,no,,,,,on_portal_but_we_have_not_submitted
1869454600,yes,88442,Closed,GPS Control Deviation,2026-05-09 16:36:20,yes,Ready to Review,Pending,1058,yes,submitted,2026-05-09T20:36:28.003Z,88442,freshdesk,matched
1869458670,yes,88640,Closed,GPS Control Deviation,2026-05-09 19:33:52,yes,Ready to Review,Pending,1046,no,,,,,on_portal_but_we_have_not_submitted
1869462060,no,,,,,yes,New,Pending,1177,no,,,,,group_only_never_submitted
1869489350,no,,,,,yes,New,Pending,1402,no,,,,,group_only_never_submitted
1869489370,no,,,,,yes,Resolved,Withdrawn,1047,no,,,,,group_only_never_submitted
1869490060,no,,,,,yes,Resolved,No Action Needed,1108,no,,,,,group_only_never_submitted
1869490910,no,,,,,no,,,,yes,submitted,2026-05-19T15:00:25.177Z,AAMkAGFhMzgwZGJjLTNkNjktNDlhYS1hM2I4LTE3MmI4YTlkNzhmMgBGAAAAAAAUhYVsiS-zQLf1GEtAsll-BwBVKgS5MpITR5VyLl_UBcCwAAAAAAEPAABVKgS5MpITR5VyLl_UBcCwAAVNCWJBAAA=,outlook_email,submitted_but_not_in_portal_export
1869491220,no,,,,,yes,Resolved,Non-Issue,1124,no,,,,,group_only_never_submitted
1869505550,yes,88574,Closed,GPS Control Deviation,2026-05-09 17:36:46,yes,Denied,Denied,1081,yes,submitted,2026-05-09T21:36:54.013Z,88574,freshdesk,matched
1869511660,yes,88575,Closed,GPS Control Deviation,2026-05-09 17:37:05,yes,Resolved,Approved,1060,yes,submitted,2026-05-09T21:37:12.926Z,88575,freshdesk,matched
1869517250,no,,,,,yes,New,Pending,1303,no,,,,,group_only_never_submitted
1869593700,yes,92158,Closed,GPS Control Deviation,2026-05-20 11:01:10,yes,Denied,Denied,1752,yes,submitted,2026-05-20T15:01:18.690Z,92158,freshdesk,matched
1869625650,no,,,,,yes,Ready to Review,Pending,1082,yes,submitted,2026-05-09T21:00:34.907Z,AAMkAGFhMzgwZGJjLTNkNjktNDlhYS1hM2I4LTE3MmI4YTlkNzhmMgBGAAAAAAAUhYVsiS-zQLf1GEtAsll-BwBVKgS5MpITR5VyLl_UBcCwAAAAAAEPAABVKgS5MpITR5VyLl_UBcCwAAVG5lcHAAA=,outlook_email,submitted_but_not_in_portal_export
1869660710,yes,90672,Closed,GPS Control Deviation,2026-05-15 14:03:16,yes,Ready to Review,Pending,1114,yes,submitted,2026-05-15T18:03:24.023Z,90672,freshdesk,matched
1869677160,yes,91257,Closed,GPS Control Deviation,2026-05-18 14:01:23,yes,Ready to Review,Pending,1123,yes,submitted,2026-05-18T18:01:31.503Z,91257,freshdesk,matched
1869698530,yes,88591,Closed,GPS Control Deviation,2026-05-09 17:41:39,yes,Resolved,Approved,1057,yes,submitted,2026-05-09T21:41:47.167Z,88591,freshdesk,matched
1869751500,no,,,,,yes,Needs Review,Pending,1392,no,,,,,group_only_never_submitted
1869784240,no,,,,,yes,Needs Review,Pending,1374,no,,,,,group_only_never_submitted
1869800540,no,,,,,yes,New,Pending,1274,no,,,,,group_only_never_submitted
1869808640,no,,,,,yes,New,Pending,1817,no,,,,,group_only_never_submitted
1869813810,no,,,,,yes,New,Pending,1453,no,,,,,group_only_never_submitted
1869850360,yes,88572,Closed,GPS Control Deviation,2026-05-09 17:36:12,yes,Denied,Denied,1064,yes,submitted,2026-05-09T21:36:19.892Z,88572,freshdesk,matched
1869873730,no,,,,,yes,New,Pending,1175,no,,,,,group_only_never_submitted
1869875150,yes,92718,Open,GPS Control Deviation,2026-05-21 14:01:47,yes,Ready to Review,Pending,1097,yes,submitted,2026-05-21T18:01:54.514Z,92718,freshdesk,matched
1869876820,yes,92405,Closed,GPS Control Deviation,2026-05-20 18:50:44,yes,Ready to Review,Pending,1100,yes,submitted,2026-05-20T22:52:11.256Z,92405,freshdesk,matched
1869920870,yes,92400,Closed,GPS Control Deviation,2026-05-20 18:30:33,yes,Ready to Review,Pending,1104,yes,submitted,2026-05-20T22:31:34.157Z,92400,freshdesk,matched
1869928030,yes,90749,Closed,GPS Control Deviation,2026-05-15 16:23:32,yes,Ready to Review,Pending,1090,yes,submitted,2026-05-15T20:23:41.933Z,90749,freshdesk,matched
1869941160,no,,,,,yes,Awaiting Response,Pending,1130,yes,submitted,2026-05-18T18:02:03.050Z,portal-1779127322862,outlook_email,submitted_but_not_in_portal_export
1869947900,yes,91970,Closed,GPS Control Deviation,2026-05-19 18:58:03,yes,Ready to Review,Pending,1252,yes,submitted,2026-05-19T22:59:07.560Z,91970,freshdesk,matched
1869977370,no,,,,,yes,New,Pending,1444,no,,,,,group_only_never_submitted
1869983930,yes,91424,Closed,GPS Control Deviation,2026-05-18 18:43:04,yes,Ready to Review,Pending,1162,yes,submitted,2026-05-18T22:43:49.198Z,91424,freshdesk,matched
1869989900,yes,88652,Closed,GPS Control Deviation,2026-05-09 19:37:28,yes,Resolved,Approved,1070,yes,submitted,2026-05-09T23:37:35.991Z,88652,freshdesk,matched
1870001310,yes,91404,Closed,GPS Control Deviation,2026-05-18 18:27:04,yes,Ready to Review,Pending,1166,yes,submitted,2026-05-18T22:28:33.529Z,91404,freshdesk,matched
1870030910,no,,,,,no,,,,yes,submitted,2026-05-21T15:01:03.341Z,AAMkAGFhMzgwZGJjLTNkNjktNDlhYS1hM2I4LTE3MmI4YTlkNzhmMgBGAAAAAAAUhYVsiS-zQLf1GEtAsll-BwBVKgS5MpITR5VyLl_UBcCwAAAAAAEPAABVKgS5MpITR5VyLl_UBcCwAAVOMsi0AAA=,outlook_email,submitted_but_not_in_portal_export
1870040040,no,,,,,yes,Ready to Review,Pending,1244,yes,submitted,2026-05-22T02:36:26.884Z,AAMkAGFhMzgwZGJjLTNkNjktNDlhYS1hM2I4LTE3MmI4YTlkNzhmMgBGAAAAAAAUhYVsiS-zQLf1GEtAsll-BwBVKgS5MpITR5VyLl_UBcCwAAAAAAEPAABVKgS5MpITR5VyLl_UBcCwAAVPhJdjAAA=,outlook_email,submitted_but_not_in_portal_export
1870057950,no,,,,,yes,New,Pending,1449,no,,,,,group_only_never_submitted
1870110190,yes,92724,Open,GPS Control Deviation,2026-05-21 14:03:28,yes,Ready to Review,Pending,1129,yes,submitted,2026-05-21T18:03:35.579Z,92724,freshdesk,matched
1870137910,no,,,,,yes,New,Pending,1578,no,,,,,group_only_never_submitted
1870145160,no,,,,,yes,Needs Review,Pending,1163,no,,,,,group_only_never_submitted
1870197910,no,,,,,yes,New,Pending,1447,no,,,,,group_only_never_submitted
1870207030,yes,90678,Closed,GPS Control Deviation,2026-05-15 14:05:16,yes,Ready to Review,Pending,1102,yes,submitted,2026-05-15T18:05:24.598Z,90678,freshdesk,matched
1870244940,yes,91103,Closed,GPS Control Deviation,2026-05-18 11:00:31,yes,Ready to Review,Pending,1153,yes,submitted,2026-05-18T15:00:39.740Z,91103,freshdesk,matched
1870246490,no,,,,,no,,,,yes,submitted,2026-05-20T22:43:07.557Z,AAMkAGFhMzgwZGJjLTNkNjktNDlhYS1hM2I4LTE3MmI4YTlkNzhmMgBGAAAAAAAUhYVsiS-zQLf1GEtAsll-BwBVKgS5MpITR5VyLl_UBcCwAAAAAAEPAABVKgS5MpITR5VyLl_UBcCwAAVOMsiXAAA=,outlook_email,submitted_but_not_in_portal_export
1870248780,no,,,,,yes,New,Pending,1540,no,,,,,group_only_never_submitted
1870257860,no,,,,,yes,New,Pending,1465,no,,,,,group_only_never_submitted
1870319680,no,,,,,yes,New,Pending,1493,no,,,,,group_only_never_submitted
1870329740,no,,,,,yes,Needs Review,Pending,1401,no,,,,,group_only_never_submitted
1870334730,yes,88644,Closed,GPS Control Deviation,2026-05-09 19:35:02,yes,Ready to Review,Pending,1075,yes,submitted,2026-05-09T23:35:09.511Z,88644,freshdesk,matched
1870335080,yes,92719,Open,GPS Control Deviation,2026-05-21 14:02:04,yes,Ready to Review,Pending,1085,yes,submitted,2026-05-21T18:02:11.723Z,92719,freshdesk,matched
1870352350,yes,92278,Closed,GPS Control Deviation,2026-05-20 14:03:12,yes,Ready to Review,Pending,1292,yes,submitted,2026-05-20T18:03:19.465Z,92278,freshdesk,matched
1870389070,yes,92030|91986,Closed|Closed,GPS Control Deviation,2026-05-20 08:01:07,yes,Needs Review,Denied,1241,yes,submitted|submitted,2026-05-20T12:01:16.027Z,92030|91986,freshdesk|freshdesk,matched
1870389090,no,,,,,yes,Resolved,Non-Issue,1357,no,,,,,group_only_never_submitted
1870391780,yes,91102,Closed,GPS Control Deviation,2026-05-18 11:00:27,yes,Ready to Review,Pending,1154,yes,submitted,2026-05-18T15:00:34.260Z,91102,freshdesk,matched
1870431950,no,,,,,yes,New,Pending,1873,no,,,,,group_only_never_submitted
1870436430,yes,92280,Closed,GPS Control Deviation,2026-05-20 14:03:49,yes,Ready to Review,Pending,1290,yes,submitted,2026-05-20T18:03:56.977Z,92280,freshdesk,matched
1870469160,no,,,,,yes,Needs Review,Pending,1539,no,,,,,group_only_never_submitted
1870522760,yes,92853,Open,GPS Control Deviation,2026-05-21 22:34:40,yes,Awaiting Response,Pending,1169,yes,submitted,2026-05-22T02:35:15.986Z,92853,freshdesk,matched
1870534850,yes,92164,Closed,GPS Control Deviation,2026-05-20 11:02:48,yes,Ready to Review,Pending,1755,yes,submitted,2026-05-20T15:02:55.717Z,92164,freshdesk,matched
1870536710,yes,90747,Closed,GPS Control Deviation,2026-05-15 16:22:51,yes,Ready to Review,Pending,1095,yes,submitted,2026-05-15T20:22:59.156Z,90747,freshdesk,matched
1870559090,yes,92864,Open,GPS Control Deviation,2026-05-21 23:30:44,yes,Awaiting Response,Pending,1278,yes,submitted,2026-05-22T03:31:51.685Z,92864,freshdesk,matched
1870578460,no,,,,,yes,New,Pending,1548,no,,,,,group_only_never_submitted
1870660820,no,,,,,yes,New,Pending,1275,no,,,,,group_only_never_submitted
1870684230,no,,,,,yes,New,Pending,1305,no,,,,,group_only_never_submitted
1870728800,yes,90745,Closed,GPS Control Deviation,2026-05-15 16:22:14,yes,Ready to Review,Pending,1093,yes,submitted,2026-05-15T20:22:21.658Z,90745,freshdesk,matched
1870787640,yes,91107,Closed,GPS Control Deviation,2026-05-18 11:01:01,yes,Ready to Review,Pending,1146,yes,submitted,2026-05-18T15:01:08.534Z,91107,freshdesk,matched
1870911220,no,,,,,yes,Resolved,Withdrawn,1183,no,,,,,group_only_never_submitted
1870937680,no,,,,,yes,New,Pending,1345,no,,,,,group_only_never_submitted
1870950550,no,,,,,yes,Ready to Review,Pending,1088,no,,,,,group_only_never_submitted
1870981610,no,,,,,no,,,,yes,submitted,2026-05-20T22:42:44.556Z,AAMkAGFhMzgwZGJjLTNkNjktNDlhYS1hM2I4LTE3MmI4YTlkNzhmMgBGAAAAAAAUhYVsiS-zQLf1GEtAsll-BwBVKgS5MpITR5VyLl_UBcCwAAAAAAEPAABVKgS5MpITR5VyLl_UBcCwAAVOMsiWAAA=,outlook_email,submitted_but_not_in_portal_export
1870982950,no,,,,,yes,New,Pending,1651,no,,,,,group_only_never_submitted
1871055630,yes,92416,Closed,GPS Control Deviation,2026-05-20 18:55:46,yes,Ready to Review,Pending,1197,yes,submitted,2026-05-20T22:55:54.151Z,92416,freshdesk,matched
1871058590,yes,91528|91441,Closed|Closed,GPS Control Deviation,2026-05-19 08:00:11,yes,Ready to Review,Pending,1174,yes,submitted,2026-05-19T12:00:19.134Z,91528,freshdesk,matched
1871064140,yes,92392,Closed,GPS Control Deviation,2026-05-20 18:13:28,yes,Ready to Review,Pending,1107,yes,submitted,2026-05-20T22:14:29.457Z,92392,freshdesk,matched
1871068910,yes,92855,Open,GPS Control Deviation,2026-05-21 22:44:48,yes,Awaiting Response,Pending,1159,yes,submitted,2026-05-22T02:46:10.585Z,92855,freshdesk,matched
1871070800,yes,92563,Closed,GPS Control Deviation,2026-05-21 11:00:38,yes,Ready to Review,Pending,1135,yes,submitted,2026-05-21T15:00:45.855Z,92563,freshdesk,matched
1871101850,yes,92031|92003|91979,Closed|Closed|Closed,GPS Control Deviation,2026-05-20 08:01:26,yes,Ready to Review,Pending,1245,yes,submitted|submitted|submitted,2026-05-20T12:01:33.872Z,92031|92003|91979,freshdesk|freshdesk|freshdesk,matched
1871123920,yes,92285,Closed,GPS Control Deviation,2026-05-20 14:05:00,yes,Ready to Review,Pending,1786,yes,submitted,2026-05-20T18:05:07.748Z,92285,freshdesk,matched
1871137270,no,,,,,yes,Ready to Review,Pending,1190,yes,submitted,2026-05-21T15:01:10.558Z,AAMkAGFhMzgwZGJjLTNkNjktNDlhYS1hM2I4LTE3MmI4YTlkNzhmMgBGAAAAAAAUhYVsiS-zQLf1GEtAsll-BwBVKgS5MpITR5VyLl_UBcCwAAAAAAEPAABVKgS5MpITR5VyLl_UBcCwAAVOMsi2AAA=,outlook_email,submitted_but_not_in_portal_export
1871144280,no,,,,,yes,Needs Review,Pending,1363,no,,,,,group_only_never_submitted
1871146540,yes,88604,Closed,GPS Control Deviation,2026-05-09 17:45:13,yes,Resolved,Approved,1126,yes,submitted,2026-05-09T21:45:20.199Z,88604,freshdesk,matched
1871155350,yes,91764,Closed,GPS Control Deviation,2026-05-19 14:00:10,yes,Ready to Review,Pending,1228,yes,submitted,2026-05-19T18:00:17.775Z,91764,freshdesk,matched
1871176460,yes,91506|91445,Closed|Closed,GPS Control Deviation,2026-05-18 22:38:33,yes,Ready to Review,Pending,1173,yes,submitted,2026-05-19T02:38:57.689Z,91506,freshdesk,matched
1871180000,no,,,,,yes,Resolved,Withdrawn,1180,no,,,,,group_only_never_submitted
1871181390,no,,,,,yes,Ready to Review,Pending,1152,yes,submitted,2026-05-21T15:00:26.838Z,AAMkAGFhMzgwZGJjLTNkNjktNDlhYS1hM2I4LTE3MmI4YTlkNzhmMgBGAAAAAAAUhYVsiS-zQLf1GEtAsll-BwBVKgS5MpITR5VyLl_UBcCwAAAAAAEPAABVKgS5MpITR5VyLl_UBcCwAAVOMsixAAA=,outlook_email,submitted_but_not_in_portal_export
1871197710,yes,92415,Closed,GPS Control Deviation,2026-05-20 18:55:29,yes,Ready to Review,Pending,1192,yes,submitted,2026-05-20T22:55:36.611Z,92415,freshdesk,matched
1871201940,no,,,,,yes,Needs Review,Pending,1365,no,,,,,group_only_never_submitted
1871301080,yes,92562,Closed,GPS Control Deviation,2026-05-21 11:00:37,yes,Ready to Review,Pending,1139,yes,submitted,2026-05-21T15:00:44.850Z,92562,freshdesk,matched
1871307350,no,,,,,no,,,,yes,submitted,2026-05-20T22:47:54.657Z,AAMkAGFhMzgwZGJjLTNkNjktNDlhYS1hM2I4LTE3MmI4YTlkNzhmMgBGAAAAAAAUhYVsiS-zQLf1GEtAsll-BwBVKgS5MpITR5VyLl_UBcCwAAAAAAEPAABVKgS5MpITR5VyLl_UBcCwAAVOMsiZAAA=,outlook_email,submitted_but_not_in_portal_export
1871395320,no,,,,,yes,Needs Review,Pending,1222,no,,,,,group_only_never_submitted
1871409580,yes,92561|92560,Closed|Closed,GPS Control Deviation,2026-05-21 11:00:11,yes,Ready to Review,Pending,1145,yes,submitted,2026-05-21T15:00:19.124Z,92561,freshdesk,matched
1871433550,yes,92852,Open,GPS Control Deviation,2026-05-21 22:29:30,yes,Awaiting Response,Pending,1263,yes,submitted,2026-05-22T02:30:21.385Z,92852,freshdesk,matched
1871470130,no,,,,,yes,New,Pending,1633,no,,,,,group_only_never_submitted
1871476390,yes,92722,Open,GPS Control Deviation,2026-05-21 14:02:55,yes,Ready to Review,Pending,1141,yes,submitted,2026-05-21T18:03:02.664Z,92722,freshdesk,matched
1871477450,no,,,,,yes,New,Pending,1894,no,,,,,group_only_never_submitted
1871495630,no,,,,,yes,Ready to Review,Pending,1137,yes,submitted,2026-05-21T15:00:56.784Z,AAMkAGFhMzgwZGJjLTNkNjktNDlhYS1hM2I4LTE3MmI4YTlkNzhmMgBGAAAAAAAUhYVsiS-zQLf1GEtAsll-BwBVKgS5MpITR5VyLl_UBcCwAAAAAAEPAABVKgS5MpITR5VyLl_UBcCwAAVOMsiyAAA=,outlook_email,submitted_but_not_in_portal_export
1871506600,no,,,,,yes,New,Pending,1594,no,,,,,group_only_never_submitted
1871541980,no,,,,,yes,Needs Review,Pending,1373,no,,,,,group_only_never_submitted
1871542010,no,,,,,yes,New,Pending,1617,no,,,,,group_only_never_submitted
1871552890,no,,,,,yes,Ready to Review,Pending,1140,yes,submitted,2026-05-21T15:00:25.805Z,AAMkAGFhMzgwZGJjLTNkNjktNDlhYS1hM2I4LTE3MmI4YTlkNzhmMgBGAAAAAAAUhYVsiS-zQLf1GEtAsll-BwBVKgS5MpITR5VyLl_UBcCwAAAAAAEPAABVKgS5MpITR5VyLl_UBcCwAAVOMsiwAAA=,outlook_email,submitted_but_not_in_portal_export
1871636640,no,,,,,yes,Ready to Review,Pending,1260,yes,submitted,2026-05-21T18:00:18.233Z,AAMkAGFhMzgwZGJjLTNkNjktNDlhYS1hM2I4LTE3MmI4YTlkNzhmMgBGAAAAAAAUhYVsiS-zQLf1GEtAsll-BwBVKgS5MpITR5VyLl_UBcCwAAAAAAEPAABVKgS5MpITR5VyLl_UBcCwAAVOMsi_AAA=,outlook_email,submitted_but_not_in_portal_export
1871643480,yes,91411,Closed,GPS Control Deviation,2026-05-18 18:34:02,yes,Ready to Review,Pending,1164,yes,submitted,2026-05-18T22:35:32.279Z,91411,freshdesk,matched
1871703780,yes,91973,Closed,GPS Control Deviation,2026-05-19 19:03:48,yes,Ready to Review,Pending,1247,yes,submitted,2026-05-19T23:04:42.655Z,91973,freshdesk,matched
1871781250,no,,,,,yes,New,Pending,1489,no,,,,,group_only_never_submitted
1871792300,yes,92404,Closed,GPS Control Deviation,2026-05-20 18:46:01,yes,Ready to Review,Pending,1149,yes,submitted,2026-05-20T22:46:42.887Z,92404,freshdesk,matched
1871883230,yes,91104,Closed,GPS Control Deviation,2026-05-18 11:00:43,yes,Ready to Review,Pending,1151,yes,submitted,2026-05-18T15:00:51.135Z,91104,freshdesk,matched
1871884330,no,,,,,yes,Needs Review,Pending,1478,no,,,,,group_only_never_submitted
1871889910,no,,,,,yes,Ready to Review,Pending,1203,yes,submitted,2026-05-21T15:01:35.370Z,AAMkAGFhMzgwZGJjLTNkNjktNDlhYS1hM2I4LTE3MmI4YTlkNzhmMgBGAAAAAAAUhYVsiS-zQLf1GEtAsll-BwBVKgS5MpITR5VyLl_UBcCwAAAAAAEPAABVKgS5MpITR5VyLl_UBcCwAAVOMsi8AAA=,outlook_email,submitted_but_not_in_portal_export
1871943790,no,,,,,yes,Portal Queued,Pending,1270,no,,,,,group_only_never_submitted
1871951980,no,,,,,yes,New,Pending,1885,no,,,,,group_only_never_submitted
1871973980,no,,,,,yes,Ready to Review,Pending,1255,yes,submitted,2026-05-21T15:01:23.562Z,AAMkAGFhMzgwZGJjLTNkNjktNDlhYS1hM2I4LTE3MmI4YTlkNzhmMgBGAAAAAAAUhYVsiS-zQLf1GEtAsll-BwBVKgS5MpITR5VyLl_UBcCwAAAAAAEPAABVKgS5MpITR5VyLl_UBcCwAAVOMsi6AAA=,outlook_email,submitted_but_not_in_portal_export
1871994000,yes,91262,Closed,GPS Control Deviation,2026-05-18 14:02:14,yes,Ready to Review,Pending,1189,yes,submitted,2026-05-18T18:02:22.521Z,91262,freshdesk,matched
1872050650,yes,92854,Open,GPS Control Deviation,2026-05-21 22:40:22,yes,Awaiting Response,Pending,1257,yes,submitted,2026-05-22T02:41:12.985Z,92854,freshdesk,matched
1872074970,yes,91400,Closed,GPS Control Deviation,2026-05-18 18:22:12,yes,Ready to Review,Pending,1167,yes,submitted,2026-05-18T22:23:25.879Z,91400,freshdesk,matched
1872160860,no,,,,,yes,New,Pending,1679,no,,,,,group_only_never_submitted
1872189220,no,,,,,yes,On Hold,Pending,1220,no,,,,,group_only_never_submitted
1872264810,yes,92161,Closed,GPS Control Deviation,2026-05-20 11:02:10,yes,Ready to Review,Pending,1238,yes,submitted,2026-05-20T15:02:19.060Z,92161,freshdesk,matched
1872342440,no,,,,,yes,New,Pending,1388,no,,,,,group_only_never_submitted
1872343160,no,,,,,yes,New,Pending,1416,no,,,,,group_only_never_submitted
1872467430,no,,,,,yes,Needs Review,Pending,1326,no,,,,,group_only_never_submitted
1872474000,no,,,,,yes,New,Pending,1272,no,,,,,group_only_never_submitted
1872531080,no,,,,,yes,New,Pending,1311,no,,,,,group_only_never_submitted
1872536430,yes,91417,Closed,GPS Control Deviation,2026-05-18 18:39:31,yes,Ready to Review,Pending,1161,yes,submitted,2026-05-18T22:40:28.168Z,91417,freshdesk,matched
1872548830,no,,,,,yes,Resolved,Withdrawn,1185,no,,,,,group_only_never_submitted
1872553430,no,,,,,yes,New,Pending,1603,no,,,,,group_only_never_submitted
1872558660,no,,,,,yes,New,Pending,1188,no,,,,,group_only_never_submitted
1872583190,yes,92858,Open,GPS Control Deviation,2026-05-21 22:59:31,yes,Awaiting Response,Pending,1176,yes,submitted,2026-05-22T03:00:36.085Z,92858,freshdesk,matched
1872616490,no,,,,,yes,New,Pending,1430,no,,,,,group_only_never_submitted
1872625590,yes,91501,Closed,GPS Control Deviation,2026-05-18 22:08:43,yes,Ready to Review,Pending,1168,yes,submitted,2026-05-19T02:10:01.380Z,91501,freshdesk,matched
1872683610,yes,91765,Closed,GPS Control Deviation,2026-05-19 14:00:13,yes,Ready to Review,Pending,1227,yes,submitted,2026-05-19T18:00:22.128Z,91765,freshdesk,matched
1872710290,no,,,,,yes,New,Pending,1349,no,,,,,group_only_never_submitted
1872820380,no,,,,,yes,Needs Review,Pending,1240,no,,,,,group_only_never_submitted
1872837740,no,,,,,yes,New,Pending,1237,no,,,,,group_only_never_submitted
1872842880,no,,,,,yes,New,Pending,1837,no,,,,,group_only_never_submitted
1872845240,yes,91504|91390,Closed|Closed,GPS Control Deviation,2026-05-18 22:19:33,yes,Ready to Review,Pending,1170,yes,submitted,2026-05-19T02:20:42.574Z,91504,freshdesk,matched
1872886490,yes,92156,Closed,GPS Control Deviation,2026-05-20 11:00:32,yes,Denied,Denied,1239,yes,submitted,2026-05-20T15:00:42.249Z,92156,freshdesk,matched
1872900610,no,,,,,yes,Denied,Denied,1847,yes,submitted,2026-05-20T22:54:41.569Z,AAMkAGFhMzgwZGJjLTNkNjktNDlhYS1hM2I4LTE3MmI4YTlkNzhmMgBGAAAAAAAUhYVsiS-zQLf1GEtAsll-BwBVKgS5MpITR5VyLl_UBcCwAAAAAAEPAABVKgS5MpITR5VyLl_UBcCwAAVOMsibAAA=,outlook_email,submitted_but_not_in_portal_export
1872931030,no,,,,,yes,New,Pending,1351,no,,,,,group_only_never_submitted
1872988860,no,,,,,yes,New,Pending,1218,no,,,,,group_only_never_submitted
1873008880,no,,,,,yes,New,Pending,1604,no,,,,,group_only_never_submitted
1873031930,no,,,,,yes,Resolved,Non-Issue,1366,no,,,,,group_only_never_submitted
1873059600,no,,,,,yes,Needs Review,Pending,1518,no,,,,,group_only_never_submitted
1873079440,yes,91968,Closed,GPS Control Deviation,2026-05-19 18:50:41,yes,Ready to Review,Pending,1253,yes,submitted,2026-05-19T22:52:13.587Z,91968,freshdesk,matched
1873085350,no,,,,,yes,Needs Review,Pending,1317,no,,,,,group_only_never_submitted
1873095320,no,,,,,yes,On Hold,Pending,1208,no,,,,,group_only_never_submitted
1873156880,no,,,,,yes,Awaiting Response,Pending,1225,yes,submitted,2026-05-21T18:01:38.001Z,AAMkAGFhMzgwZGJjLTNkNjktNDlhYS1hM2I4LTE3MmI4YTlkNzhmMgBGAAAAAAAUhYVsiS-zQLf1GEtAsll-BwBVKgS5MpITR5VyLl_UBcCwAAAAAAEPAABVKgS5MpITR5VyLl_UBcCwAAVOMsjFAAA=,outlook_email,submitted_but_not_in_portal_export
1873215740,no,,,,,yes,Portal Queued,Pending,1298,no,,,,,group_only_never_submitted
1873243500,yes,92851,Open,GPS Control Deviation,2026-05-21 22:25:34,yes,Awaiting Response,Pending,1265,yes,submitted,2026-05-22T02:26:37.385Z,92851,freshdesk,matched
1873252950,yes,91529,Closed,GPS Control Deviation,2026-05-19 08:00:30,yes,Ready to Review,Pending,1182,yes,submitted,2026-05-19T12:00:37.621Z,91529,freshdesk,matched
1873257550,no,,,,,yes,New,Pending,1389,no,,,,,group_only_never_submitted
1873269760,no,,,,,yes,New,Pending,1440,no,,,,,group_only_never_submitted
1873270350,no,,,,,yes,New,Pending,1553,no,,,,,group_only_never_submitted
1873271980,no,,,,,yes,Needs Review,Pending,1261,no,,,,,group_only_never_submitted
1873288070,no,,,,,yes,New,Pending,1327,no,,,,,group_only_never_submitted
1873300320,no,,,,,yes,Needs Review,Pending,1313,no,,,,,group_only_never_submitted
1873302940,no,,,,,yes,New,Pending,1397,no,,,,,group_only_never_submitted
1873304340,no,,,,,yes,Resolved,Withdrawn,1234,no,,,,,group_only_never_submitted
1873305850,no,,,,,yes,Ready to Review,Pending,1219,yes,submitted,2026-05-21T18:00:10.505Z,AAMkAGFhMzgwZGJjLTNkNjktNDlhYS1hM2I4LTE3MmI4YTlkNzhmMgBGAAAAAAAUhYVsiS-zQLf1GEtAsll-BwBVKgS5MpITR5VyLl_UBcCwAAAAAAEPAABVKgS5MpITR5VyLl_UBcCwAAVOMsi9AAA=,outlook_email,submitted_but_not_in_portal_export
1873319470,no,,,,,yes,Needs Review,Pending,1490,no,,,,,group_only_never_submitted
1873349170,no,,,,,yes,Needs Review,Pending,1198,no,,,,,group_only_never_submitted
1873363870,no,,,,,yes,New,Pending,1504,no,,,,,group_only_never_submitted
1873378440,no,,,,,yes,New,Pending,1379,no,,,,,group_only_never_submitted
1873382350,no,,,,,yes,New,Pending,1324,no,,,,,group_only_never_submitted
1873389000,no,,,,,yes,New,Pending,1249,no,,,,,group_only_never_submitted
1873417050,no,,,,,yes,New,Pending,1344,no,,,,,group_only_never_submitted
1873418780,no,,,,,yes,Needs Review,Pending,1210,no,,,,,group_only_never_submitted
1873422760,no,,,,,yes,Needs Review,Pending,1199,no,,,,,group_only_never_submitted
1873427470,no,,,,,yes,Needs Review,Pending,1264,no,,,,,group_only_never_submitted
1873427560,no,,,,,yes,Needs Review,Pending,1233,no,,,,,group_only_never_submitted
1873435500,yes,91630,Closed,GPS Control Deviation,2026-05-19 11:01:12,yes,Ready to Review,Pending,1204,yes,submitted,2026-05-19T15:01:21.185Z,91630,freshdesk,matched
1873435680,no,,,,,yes,Needs Review,Pending,1214,no,,,,,group_only_never_submitted
1873448940,no,,,,,yes,Needs Review,Pending,1212,no,,,,,group_only_never_submitted
1873470070,yes,92859,Open,GPS Control Deviation,2026-05-21 23:05:00,yes,Awaiting Response,Pending,1211,yes,submitted,2026-05-22T03:06:14.185Z,92859,freshdesk,matched
1873482400,no,,,,,yes,Needs Review,Pending,1213,no,,,,,group_only_never_submitted
1873491850,no,,,,,yes,New,Pending,1505,no,,,,,group_only_never_submitted
1873498600,no,,,,,yes,Resolved,Withdrawn,1207,no,,,,,group_only_never_submitted
1873522780,no,,,,,yes,Resolved,Withdrawn,1216,no,,,,,group_only_never_submitted
1873524570,no,,,,,yes,Needs Review,Pending,1331,no,,,,,group_only_never_submitted
1873526350,no,,,,,yes,Needs Review,Pending,1217,no,,,,,group_only_never_submitted
1873527840,no,,,,,yes,Needs Review,Pending,1520,no,,,,,group_only_never_submitted
1873529560,no,,,,,yes,Resolved,Non-Issue,1433,no,,,,,group_only_never_submitted
1873539940,yes,91772,Closed,GPS Control Deviation,2026-05-19 14:00:37,yes,Ready to Review,Pending,1224,yes,submitted,2026-05-19T18:00:44.394Z,91772,freshdesk,matched
1873546470,no,,,,,yes,New,Pending,1226,no,,,,,group_only_never_submitted
1873546700,no,,,,,yes,New,Pending,1359,no,,,,,group_only_never_submitted
1873547500,yes,91770,Closed,GPS Control Deviation,2026-05-19 14:00:32,yes,Ready to Review,Pending,1221,yes,submitted,2026-05-19T18:00:39.807Z,91770,freshdesk,matched
1873554740,no,,,,,yes,Needs Review,Pending,1371,no,,,,,group_only_never_submitted
1873556790,no,,,,,yes,Needs Review,Pending,1258,no,,,,,group_only_never_submitted
1873563870,no,,,,,yes,New,Pending,1229,no,,,,,group_only_never_submitted
1873564260,no,,,,,yes,New,Pending,1473,no,,,,,group_only_never_submitted
1873567140,yes,91766|91763,Closed|Closed,GPS Control Deviation,2026-05-19 14:00:19,yes,Ready to Review,Pending,1230,yes,submitted,2026-05-19T18:00:27.067Z,91766,freshdesk,matched
1873567900,yes,91966,Closed,GPS Control Deviation,2026-05-19 18:44:08,yes,Ready to Review,Pending,1256,yes,submitted,2026-05-19T22:44:42.726Z,91966,freshdesk,matched
1873596520,no,,,,,yes,New,Pending,1381,no,,,,,group_only_never_submitted
1873600820,no,,,,,yes,New,Pending,1284,no,,,,,group_only_never_submitted
1873716190,no,,,,,yes,New,Pending,1609,no,,,,,group_only_never_submitted
1873750630,no,,,,,yes,Resolved,Non-Issue,1354,no,,,,,group_only_never_submitted
1873769150,no,,,,,yes,New,Pending,1395,no,,,,,group_only_never_submitted
1873831430,yes,92830,Open,GPS Control Deviation,2026-05-21 22:04:10,yes,Ready to Review,Pending,1367,yes,submitted,2026-05-22T02:05:17.185Z,92830,freshdesk,matched
1873838240,yes,92287,Closed,GPS Control Deviation,2026-05-20 14:05:41,yes,Ready to Review,Pending,1288,yes,submitted,2026-05-20T18:05:49.005Z,92287,freshdesk,matched
1873838980,no,,,,,yes,Needs Review,Pending,1372,no,,,,,group_only_never_submitted
1873942020,yes,92849,Open,GPS Control Deviation,2026-05-21 22:21:06,yes,Awaiting Response,Pending,1421,yes,submitted,2026-05-22T02:22:15.884Z,92849,freshdesk,matched
1873944210,no,,,,,yes,New,Pending,1881,no,,,,,group_only_never_submitted
1873945010,no,,,,,yes,New,Pending,1335,no,,,,,group_only_never_submitted
1873992330,no,,,,,yes,Resolved,Non-Issue,1432,no,,,,,group_only_never_submitted
1874014440,no,,,,,yes,New,Pending,1339,no,,,,,group_only_never_submitted
1874033240,yes,92175,Closed,GPS Control Deviation,2026-05-20 11:05:38,yes,Ready to Review,Pending,1749,yes,submitted,2026-05-20T15:05:46.772Z,92175,freshdesk,matched
1874043600,no,,,,,yes,New,Pending,1355,no,,,,,group_only_never_submitted
1874067030,no,,,,,yes,Ready to Review,Pending,1309,yes,submitted,2026-05-19T15:00:39.068Z,AAMkAGFhMzgwZGJjLTNkNjktNDlhYS1hM2I4LTE3MmI4YTlkNzhmMgBGAAAAAAAUhYVsiS-zQLf1GEtAsll-BwBVKgS5MpITR5VyLl_UBcCwAAAAAAEPAABVKgS5MpITR5VyLl_UBcCwAAVNCWJDAAA=,outlook_email,submitted_but_not_in_portal_export
1874094340,no,,,,,yes,New,Pending,1398,no,,,,,group_only_never_submitted
1874097360,yes,92304,Closed,GPS Control Deviation,2026-05-20 14:11:01,yes,Ready to Review,Pending,1302,yes,submitted,2026-05-20T18:11:08.822Z,92304,freshdesk,matched
1874113800,no,,,,,yes,New,Pending,1336,no,,,,,group_only_never_submitted
1874124690,no,,,,,yes,Needs Review,Pending,1535,no,,,,,group_only_never_submitted
1874148790,no,,,,,yes,New,Pending,1325,no,,,,,group_only_never_submitted
1874173380,no,,,,,yes,New,Pending,1445,no,,,,,group_only_never_submitted
1874175350,no,,,,,yes,Needs Review,Pending,1376,no,,,,,group_only_never_submitted
1874175730,yes,92174,Closed,GPS Control Deviation,2026-05-20 11:05:19,yes,Ready to Review,Pending,1750,yes,submitted,2026-05-20T15:05:27.593Z,92174,freshdesk,matched
1874179060,yes,92863,Open,GPS Control Deviation,2026-05-21 23:25:55,yes,Awaiting Response,Pending,1370,yes,submitted,2026-05-22T03:26:43.061Z,92863,freshdesk,matched
1874182030,no,,,,,yes,New,Pending,1343,no,,,,,group_only_never_submitted
1874230690,yes,92862,Open,GPS Control Deviation,2026-05-21 23:20:44,yes,Awaiting Response,Pending,1266,yes,submitted,2026-05-22T03:22:10.084Z,92862,freshdesk,matched
1874235660,no,,,,,yes,New,Pending,1524,no,,,,,group_only_never_submitted
1874278190,no,,,,,yes,New,Pending,1393,no,,,,,group_only_never_submitted
1874302230,no,,,,,yes,Needs Review,Pending,1585,no,,,,,group_only_never_submitted
1874324010,no,,,,,yes,New,Pending,1830,no,,,,,group_only_never_submitted
1874341050,no,,,,,yes,New,Pending,1406,no,,,,,group_only_never_submitted
1874353230,no,,,,,yes,New,Pending,1380,no,,,,,group_only_never_submitted
1874392590,no,,,,,yes,New,Pending,1356,no,,,,,group_only_never_submitted
1874402080,no,,,,,yes,New,Pending,1289,no,,,,,group_only_never_submitted
1874421280,no,,,,,yes,New,Pending,1334,no,,,,,group_only_never_submitted
1874441900,no,,,,,yes,New,Pending,1338,no,,,,,group_only_never_submitted
1874443220,no,,,,,yes,Ready to Review,Pending,1232,yes,submitted,2026-05-22T03:06:50.584Z,AAMkAGFhMzgwZGJjLTNkNjktNDlhYS1hM2I4LTE3MmI4YTlkNzhmMgBGAAAAAAAUhYVsiS-zQLf1GEtAsll-BwBVKgS5MpITR5VyLl_UBcCwAAAAAAEPAABVKgS5MpITR5VyLl_UBcCwAAVPhJdmAAA=,outlook_email,submitted_but_not_in_portal_export
1874453140,no,,,,,yes,Resolved,Non-Issue,1299,no,,,,,group_only_never_submitted
1874474800,no,,,,,yes,New,Pending,1888,no,,,,,group_only_never_submitted
1874474820,no,,,,,yes,Needs Review,Pending,1315,no,,,,,group_only_never_submitted
1874489060,no,,,,,yes,New,Pending,1446,no,,,,,group_only_never_submitted
1874497070,yes,92417,Closed,GPS Control Deviation,2026-05-20 18:56:03,yes,Ready to Review,Pending,1280,yes,submitted,2026-05-20T22:56:11.081Z,92417,freshdesk,matched
1874499090,yes,92274,Closed,GPS Control Deviation,2026-05-20 14:01:51,yes,Ready to Review,Pending,1771,yes,submitted,2026-05-20T18:01:58.165Z,92274,freshdesk,matched
1874499400,no,,,,,yes,New,Pending,1394,no,,,,,group_only_never_submitted
1874502510,no,,,,,yes,New,Pending,1482,no,,,,,group_only_never_submitted
1874520020,yes,92305,Closed,GPS Control Deviation,2026-05-20 14:11:19,yes,Ready to Review,Pending,1301,yes,submitted,2026-05-20T18:11:26.264Z,92305,freshdesk,matched
1874527030,no,,,,,yes,Needs Review,Pending,1323,no,,,,,group_only_never_submitted
1874528880,no,,,,,yes,New,Pending,1268,no,,,,,group_only_never_submitted
1874536110,no,,,,,yes,Needs Review,Pending,1318,no,,,,,group_only_never_submitted
1874539980,no,,,,,yes,New,Pending,1600,no,,,,,group_only_never_submitted
1874597590,no,,,,,yes,New,Pending,1525,no,,,,,group_only_never_submitted
1874610790,yes,92290,Closed,GPS Control Deviation,2026-05-20 14:06:45,yes,Ready to Review,Pending,1306,yes,submitted,2026-05-20T18:06:54.142Z,92290,freshdesk,matched
1874629650,no,,,,,yes,Ready to Review,Pending,1282,yes,submitted,2026-05-22T03:27:43.984Z,AAMkAGFhMzgwZGJjLTNkNjktNDlhYS1hM2I4LTE3MmI4YTlkNzhmMgBGAAAAAAAUhYVsiS-zQLf1GEtAsll-BwBVKgS5MpITR5VyLl_UBcCwAAAAAAEPAABVKgS5MpITR5VyLl_UBcCwAAVPhJdnAAA=,outlook_email,submitted_but_not_in_portal_export
1874645410,yes,92837,Open,GPS Control Deviation,2026-05-21 22:09:33,yes,Ready to Review,Pending,1364,yes,submitted,2026-05-22T02:10:18.185Z,92837,freshdesk,matched
1874656550,no,,,,,yes,New,Pending,1286,no,,,,,group_only_never_submitted
1874707840,no,,,,,yes,Ready to Review,Pending,1361,yes,submitted,2026-05-21T15:01:25.278Z,AAMkAGFhMzgwZGJjLTNkNjktNDlhYS1hM2I4LTE3MmI4YTlkNzhmMgBGAAAAAAAUhYVsiS-zQLf1GEtAsll-BwBVKgS5MpITR5VyLl_UBcCwAAAAAAEPAABVKgS5MpITR5VyLl_UBcCwAAVOMsi7AAA=,outlook_email,submitted_but_not_in_portal_export
1874742300,yes,92288,Closed,GPS Control Deviation,2026-05-20 14:06:01,yes,Ready to Review,Pending,1287,yes,submitted,2026-05-20T18:06:09.986Z,92288,freshdesk,matched
1874791830,no,,,,,yes,New,Pending,1353,no,,,,,group_only_never_submitted
1874885410,no,,,,,yes,New,Pending,1841,no,,,,,group_only_never_submitted
1874907980,no,,,,,yes,New,Pending,1838,no,,,,,group_only_never_submitted
1874908280,no,,,,,yes,New,Pending,1308,no,,,,,group_only_never_submitted
1874920220,no,,,,,yes,Needs Review,Pending,1346,no,,,,,group_only_never_submitted
1874926000,no,,,,,yes,New,Pending,1391,no,,,,,group_only_never_submitted
1874953120,no,,,,,yes,New,Pending,1429,no,,,,,group_only_never_submitted
1874968410,no,,,,,yes,New,Pending,1409,no,,,,,group_only_never_submitted
1874970590,no,,,,,yes,New,Pending,1528,no,,,,,group_only_never_submitted
1875001010,yes,92301,Closed,GPS Control Deviation,2026-05-20 14:10:05,yes,Ready to Review,Pending,1733,yes,submitted,2026-05-20T18:10:13.563Z,92301,freshdesk,matched
1875006430,no,,,,,yes,Needs Review,Pending,1307,no,,,,,group_only_never_submitted
1875067050,no,,,,,yes,New,Pending,1527,no,,,,,group_only_never_submitted
1875084890,yes,92856,Open,GPS Control Deviation,2026-05-21 22:50:11,yes,Awaiting Response,Pending,1422,yes,submitted,2026-05-22T02:51:17.285Z,92856,freshdesk,matched
1875087120,no,,,,,yes,New,Pending,1827,no,,,,,group_only_never_submitted
1875096220,no,,,,,yes,New,Pending,1667,no,,,,,group_only_never_submitted
1875108770,no,,,,,yes,Needs Review,Pending,1310,no,,,,,group_only_never_submitted
1875109140,no,,,,,yes,Needs Review,Pending,1362,no,,,,,group_only_never_submitted
1875122250,no,,,,,yes,New,Pending,1624,no,,,,,group_only_never_submitted
1875144510,no,,,,,yes,New,Pending,1417,no,,,,,group_only_never_submitted
1875146850,no,,,,,yes,Needs Review,Pending,1375,no,,,,,group_only_never_submitted
1875161690,no,,,,,yes,New,Pending,1695,no,,,,,group_only_never_submitted
1875172310,no,,,,,yes,New,Pending,1332,no,,,,,group_only_never_submitted
1875179120,no,,,,,yes,New,Pending,1319,no,,,,,group_only_never_submitted
1875180370,no,,,,,yes,New,Pending,1452,no,,,,,group_only_never_submitted
1875206040,no,,,,,yes,New,Pending,1341,no,,,,,group_only_never_submitted
1875237900,no,,,,,yes,New,Pending,1412,no,,,,,group_only_never_submitted
1875255080,no,,,,,yes,New,Pending,1296,no,,,,,group_only_never_submitted
1875265610,no,,,,,yes,Needs Review,Pending,1293,no,,,,,group_only_never_submitted
1875279470,no,,,,,yes,Needs Review,Pending,1294,no,,,,,group_only_never_submitted
1875282660,yes,92284,Closed,GPS Control Deviation,2026-05-20 14:04:42,yes,Ready to Review,Pending,1787,yes,submitted,2026-05-20T18:04:49.825Z,92284,freshdesk,matched
1875290530,no,,,,,yes,Awaiting Response,Pending,1420,yes,submitted,2026-05-22T15:00:18.124Z,92985,freshdesk,submitted_but_not_in_portal_export
1875305230,no,,,,,yes,New,Pending,1451,no,,,,,group_only_never_submitted
1875307550,no,,,,,yes,New,Pending,1396,no,,,,,group_only_never_submitted
1875321410,no,,,,,yes,Needs Review,Pending,1297,no,,,,,group_only_never_submitted
1875323280,no,,,,,yes,New,Pending,1512,no,,,,,group_only_never_submitted
1875333330,no,,,,,yes,New,Pending,1350,no,,,,,group_only_never_submitted
1875367130,no,,,,,yes,New,Pending,1597,no,,,,,group_only_never_submitted
1875391510,no,,,,,yes,New,Pending,1314,no,,,,,group_only_never_submitted
1875418240,no,,,,,yes,Needs Review,Pending,1584,no,,,,,group_only_never_submitted
1875446220,no,,,,,yes,New,Pending,1511,no,,,,,group_only_never_submitted
1875461290,no,,,,,yes,New,Pending,1647,no,,,,,group_only_never_submitted
1875468490,no,,,,,yes,New,Pending,1533,no,,,,,group_only_never_submitted
1875485160,no,,,,,yes,Needs Review,Pending,1312,no,,,,,group_only_never_submitted
1875496510,no,,,,,yes,New,Pending,1552,no,,,,,group_only_never_submitted
1875535870,no,,,,,yes,Needs Review,Pending,1340,no,,,,,group_only_never_submitted
1875544000,no,,,,,yes,New,Pending,1509,no,,,,,group_only_never_submitted
1875552830,no,,,,,yes,New,Pending,1378,no,,,,,group_only_never_submitted
1875557520,no,,,,,yes,New,Pending,1457,no,,,,,group_only_never_submitted
1875601810,no,,,,,yes,New,Pending,1652,no,,,,,group_only_never_submitted
1875633120,no,,,,,yes,New,Pending,1322,no,,,,,group_only_never_submitted
1875643670,no,,,,,yes,Needs Review,Pending,1330,no,,,,,group_only_never_submitted
1875686430,no,,,,,yes,New,Pending,1458,no,,,,,group_only_never_submitted
1875717880,no,,,,,yes,Resolved,Non-Issue,1411,no,,,,,group_only_never_submitted
1875738320,no,,,,,yes,New,Pending,1437,no,,,,,group_only_never_submitted
1875773040,no,,,,,yes,New,Pending,1480,no,,,,,group_only_never_submitted
1875779140,no,,,,,yes,New,Pending,1653,no,,,,,group_only_never_submitted
1875803370,no,,,,,yes,New,Pending,1428,no,,,,,group_only_never_submitted
1875810920,no,,,,,yes,New,Pending,1390,no,,,,,group_only_never_submitted
1875811650,no,,,,,yes,New,Pending,1811,no,,,,,group_only_never_submitted
1875916320,no,,,,,yes,Needs Review,Pending,1347,no,,,,,group_only_never_submitted
1875937550,no,,,,,yes,New,Pending,1877,no,,,,,group_only_never_submitted
1875955180,no,,,,,yes,New,Pending,1448,no,,,,,group_only_never_submitted
1875991530,no,,,,,yes,New,Pending,1719,no,,,,,group_only_never_submitted
1876012250,no,,,,,yes,New,Pending,1822,no,,,,,group_only_never_submitted
1876023060,no,,,,,yes,New,Pending,1506,no,,,,,group_only_never_submitted
1876033050,no,,,,,yes,New,Pending,1615,no,,,,,group_only_never_submitted
1876045260,no,,,,,yes,New,Pending,1590,no,,,,,group_only_never_submitted
1876050910,no,,,,,yes,New,Pending,1644,no,,,,,group_only_never_submitted
1876058310,no,,,,,yes,New,Pending,1596,no,,,,,group_only_never_submitted
1876060990,no,,,,,yes,Resolved,Non-Issue,1436,no,,,,,group_only_never_submitted
1876070280,no,,,,,yes,New,Pending,1573,no,,,,,group_only_never_submitted
1876070660,no,,,,,yes,New,Pending,1635,no,,,,,group_only_never_submitted
1876074370,no,,,,,yes,New,Pending,1384,no,,,,,group_only_never_submitted
1876078680,no,,,,,yes,New,Pending,1545,no,,,,,group_only_never_submitted
1876079250,no,,,,,yes,Needs Review,Pending,1543,no,,,,,group_only_never_submitted
1876098370,no,,,,,yes,New,Pending,1424,no,,,,,group_only_never_submitted
1876139530,no,,,,,yes,New,Pending,1700,no,,,,,group_only_never_submitted
1876153800,no,,,,,yes,New,Pending,1405,no,,,,,group_only_never_submitted
1876268420,no,,,,,yes,New,Pending,1427,no,,,,,group_only_never_submitted
1876276090,no,,,,,yes,New,Pending,1403,no,,,,,group_only_never_submitted
1876327390,no,,,,,yes,New,Pending,1598,no,,,,,group_only_never_submitted
1876334760,no,,,,,yes,New,Pending,1486,no,,,,,group_only_never_submitted
1876386240,no,,,,,yes,New,Pending,1413,no,,,,,group_only_never_submitted
1876404240,no,,,,,yes,Resolved,Non-Issue,1414,no,,,,,group_only_never_submitted
1876415400,no,,,,,yes,New,Pending,1423,no,,,,,group_only_never_submitted
1876461740,no,,,,,yes,New,Pending,1498,no,,,,,group_only_never_submitted
1876464780,no,,,,,yes,New,Pending,1415,no,,,,,group_only_never_submitted
1876505500,no,,,,,yes,New,Pending,1631,no,,,,,group_only_never_submitted
1876532290,no,,,,,yes,New,Pending,1500,no,,,,,group_only_never_submitted
1876551140,yes,92843,Open,GPS Control Deviation,2026-05-21 22:13:45,yes,Awaiting Response,Pending,1418,yes,submitted,2026-05-22T02:14:30.512Z,92843,freshdesk,matched
1876568030,no,,,,,yes,New,Pending,1660,no,,,,,group_only_never_submitted
1876586500,no,,,,,yes,New,Pending,1455,no,,,,,group_only_never_submitted
1876615600,no,,,,,yes,New,Pending,1618,no,,,,,group_only_never_submitted
1876635560,no,,,,,yes,Resolved,Non-Issue,1508,no,,,,,group_only_never_submitted
1876647360,yes,92286,Closed,GPS Control Deviation,2026-05-20 14:05:20,yes,Ready to Review,Pending,1785,yes,submitted,2026-05-20T18:05:27.709Z,92286,freshdesk,matched
1876651750,no,,,,,yes,New,Pending,1627,no,,,,,group_only_never_submitted
1876657460,no,,,,,yes,New,Pending,1517,no,,,,,group_only_never_submitted
1876699570,no,,,,,yes,Needs Review,Pending,1542,no,,,,,group_only_never_submitted
1876703550,no,,,,,yes,New,Pending,1463,no,,,,,group_only_never_submitted
1876708280,no,,,,,yes,New,Pending,1474,no,,,,,group_only_never_submitted
1876719710,no,,,,,yes,New,Pending,1583,no,,,,,group_only_never_submitted
1876740650,no,,,,,yes,New,Pending,1588,no,,,,,group_only_never_submitted
1876753990,no,,,,,yes,New,Pending,1693,no,,,,,group_only_never_submitted
1876762190,no,,,,,yes,New,Pending,1443,no,,,,,group_only_never_submitted
1876817540,no,,,,,yes,Resolved,Non-Issue,1419,no,,,,,group_only_never_submitted
1876859980,no,,,,,yes,New,Pending,1462,no,,,,,group_only_never_submitted
1876867400,no,,,,,yes,New,Pending,1477,no,,,,,group_only_never_submitted
1876945620,no,,,,,yes,Needs Review,Pending,1537,no,,,,,group_only_never_submitted
1876970050,no,,,,,yes,New,Pending,1521,no,,,,,group_only_never_submitted
1876997280,no,,,,,yes,New,Pending,1599,no,,,,,group_only_never_submitted
1877000140,no,,,,,yes,New,Pending,1567,no,,,,,group_only_never_submitted
1877004140,no,,,,,yes,New,Pending,1426,no,,,,,group_only_never_submitted
1877010510,no,,,,,yes,New,Pending,1464,no,,,,,group_only_never_submitted
1877040180,no,,,,,yes,New,Pending,1613,no,,,,,group_only_never_submitted
1877049400,no,,,,,yes,New,Pending,1454,no,,,,,group_only_never_submitted
1877065330,no,,,,,yes,Needs Review,Pending,1558,no,,,,,group_only_never_submitted
1877087680,no,,,,,yes,New,Pending,1580,no,,,,,group_only_never_submitted
1877096820,no,,,,,yes,New,Pending,1507,no,,,,,group_only_never_submitted
1877164480,no,,,,,yes,Resolved,Non-Issue,1531,no,,,,,group_only_never_submitted
1877182190,no,,,,,yes,New,Pending,1470,no,,,,,group_only_never_submitted
1877212420,no,,,,,yes,New,Pending,1655,no,,,,,group_only_never_submitted
1877213980,no,,,,,yes,Resolved,Non-Issue,1438,no,,,,,group_only_never_submitted
1877217690,no,,,,,yes,New,Pending,1510,no,,,,,group_only_never_submitted
1877236030,no,,,,,yes,New,Pending,1549,no,,,,,group_only_never_submitted
1877237260,no,,,,,yes,New,Pending,1664,no,,,,,group_only_never_submitted
1877251740,no,,,,,yes,Needs Review,Pending,1559,no,,,,,group_only_never_submitted
1877268440,no,,,,,yes,New,Pending,1502,no,,,,,group_only_never_submitted
1877268900,no,,,,,yes,New,Pending,1435,no,,,,,group_only_never_submitted
1877273850,yes,90453,Closed,GPS Control Deviation,2026-05-14 17:02:50,yes,Ready to Review,Pending,1607,yes,submitted,2026-05-14T21:02:57.151Z,90453,freshdesk,matched
1877286580,no,,,,,yes,Needs Review,Pending,1516,no,,,,,group_only_never_submitted
1877291600,no,,,,,yes,Needs Review,Pending,1570,no,,,,,group_only_never_submitted
1877297990,no,,,,,yes,New,Pending,1469,no,,,,,group_only_never_submitted
1877303630,no,,,,,yes,Needs Review,Pending,1579,no,,,,,group_only_never_submitted
1877308110,no,,,,,yes,New,Pending,1499,no,,,,,group_only_never_submitted
1877308580,no,,,,,yes,New,Pending,1589,no,,,,,group_only_never_submitted
1877313200,no,,,,,yes,Needs Review,Pending,1555,no,,,,,group_only_never_submitted
1877319370,no,,,,,yes,Needs Review,Pending,1569,no,,,,,group_only_never_submitted
1877328150,no,,,,,yes,New,Pending,1614,no,,,,,group_only_never_submitted
1877352160,no,,,,,yes,New,Pending,1439,no,,,,,group_only_never_submitted
1877370090,no,,,,,yes,New,Pending,1494,no,,,,,group_only_never_submitted
1877371390,no,,,,,yes,New,Pending,1487,no,,,,,group_only_never_submitted
1877383270,no,,,,,yes,Resolved,Non-Issue,1442,no,,,,,group_only_never_submitted
1877390590,no,,,,,yes,New,Pending,1713,no,,,,,group_only_never_submitted
1877405580,no,,,,,yes,New,Pending,1638,no,,,,,group_only_never_submitted
1877405860,no,,,,,yes,New,Pending,1689,no,,,,,group_only_never_submitted
1877431370,no,,,,,yes,New,Pending,1459,no,,,,,group_only_never_submitted
1877431700,yes,92296,Closed,GPS Control Deviation,2026-05-20 14:08:50,yes,Ready to Review,Pending,1761,yes,submitted,2026-05-20T18:08:58.013Z,92296,freshdesk,matched
1877432440,no,,,,,yes,New,Pending,1705,no,,,,,group_only_never_submitted
1877453380,no,,,,,yes,New,Pending,1461,no,,,,,group_only_never_submitted
1877454860,no,,,,,yes,New,Pending,1460,no,,,,,group_only_never_submitted
1877461930,no,,,,,yes,Needs Review,Pending,1483,no,,,,,group_only_never_submitted
1877462260,no,,,,,yes,New,Pending,1456,no,,,,,group_only_never_submitted
1877465740,no,,,,,yes,New,Pending,1484,no,,,,,group_only_never_submitted
1877469310,no,,,,,yes,Needs Review,Pending,1566,no,,,,,group_only_never_submitted
1877469700,no,,,,,yes,Needs Review,Pending,1544,no,,,,,group_only_never_submitted
1877471200,no,,,,,yes,New,Pending,1467,no,,,,,group_only_never_submitted
1877474030,no,,,,,yes,New,Pending,1691,no,,,,,group_only_never_submitted
1877497510,no,,,,,yes,New,Pending,1466,no,,,,,group_only_never_submitted
1877501450,no,,,,,yes,New,Pending,1662,no,,,,,group_only_never_submitted
1877503820,no,,,,,yes,New,Pending,1702,no,,,,,group_only_never_submitted
1877517250,no,,,,,yes,Resolved,Non-Issue,1468,no,,,,,group_only_never_submitted
1877570270,no,,,,,yes,New,Pending,1602,no,,,,,group_only_never_submitted
1877622520,no,,,,,yes,New,Pending,1813,no,,,,,group_only_never_submitted
1877670780,no,,,,,yes,New,Pending,1623,no,,,,,group_only_never_submitted
1877718190,no,,,,,yes,New,Pending,1488,no,,,,,group_only_never_submitted
1877719840,no,,,,,yes,New,Pending,1547,no,,,,,group_only_never_submitted
1877754840,no,,,,,yes,New,Pending,1560,no,,,,,group_only_never_submitted
1877800450,no,,,,,yes,New,Pending,1868,no,,,,,group_only_never_submitted
1877898880,no,,,,,yes,Needs Review,Pending,1532,no,,,,,group_only_never_submitted
1877901250,no,,,,,yes,New,Pending,1612,no,,,,,group_only_never_submitted
1877917440,no,,,,,yes,New,Pending,1541,no,,,,,group_only_never_submitted
1877930460,no,,,,,yes,New,Pending,1654,no,,,,,group_only_never_submitted
1877954550,yes,92295,Closed,GPS Control Deviation,2026-05-20 14:08:32,yes,Ready to Review,Pending,1762,yes,submitted,2026-05-20T18:08:39.871Z,92295,freshdesk,matched
1878034010,no,,,,,yes,New,Pending,1564,no,,,,,group_only_never_submitted
1878060570,no,,,,,yes,New,Pending,1616,no,,,,,group_only_never_submitted
1878063510,no,,,,,yes,New,Pending,1681,no,,,,,group_only_never_submitted
1878069710,no,,,,,yes,New,Pending,1671,no,,,,,group_only_never_submitted
1878085780,no,,,,,yes,Needs Review,Pending,1496,no,,,,,group_only_never_submitted
1878105300,no,,,,,yes,New,Pending,1522,no,,,,,group_only_never_submitted
1878127230,no,,,,,no,,,,yes,submitted,2026-05-20T15:04:07.107Z,AAMkAGFhMzgwZGJjLTNkNjktNDlhYS1hM2I4LTE3MmI4YTlkNzhmMgBGAAAAAAAUhYVsiS-zQLf1GEtAsll-BwBVKgS5MpITR5VyLl_UBcCwAAAAAAEPAABVKgS5MpITR5VyLl_UBcCwAAVOMsiFAAA=,outlook_email,submitted_but_not_in_portal_export
1878131780,no,,,,,yes,New,Pending,1610,no,,,,,group_only_never_submitted
1878182930,no,,,,,yes,Needs Review,Pending,1519,no,,,,,group_only_never_submitted
1878220120,no,,,,,yes,New,Pending,1670,no,,,,,group_only_never_submitted
1878240930,no,,,,,yes,New,Pending,1546,no,,,,,group_only_never_submitted
1878243190,no,,,,,yes,New,Pending,1611,no,,,,,group_only_never_submitted
1878246430,no,,,,,yes,New,Pending,1529,no,,,,,group_only_never_submitted
1878249010,no,,,,,yes,Needs Review,Pending,1678,no,,,,,group_only_never_submitted
1878260610,no,,,,,yes,Resolved,Non-Issue,1576,no,,,,,group_only_never_submitted
1878264190,no,,,,,yes,New,Pending,1565,no,,,,,group_only_never_submitted
1878271470,no,,,,,yes,New,Pending,1717,no,,,,,group_only_never_submitted
1878285940,no,,,,,yes,New,Pending,1661,no,,,,,group_only_never_submitted
1878291490,no,,,,,yes,New,Pending,1622,no,,,,,group_only_never_submitted
1878291530,no,,,,,yes,New,Pending,1561,no,,,,,group_only_never_submitted
1878298790,yes,91964,Closed,GPS Control Deviation,2026-05-19 18:39:10,yes,Denied,Denied,1769,yes,submitted,2026-05-19T22:40:17.987Z,91964,freshdesk,matched
1878301870,no,,,,,yes,New,Pending,1574,no,,,,,group_only_never_submitted
1878309950,no,,,,,yes,New,Pending,1636,no,,,,,group_only_never_submitted
1878323930,no,,,,,yes,New,Pending,1587,no,,,,,group_only_never_submitted
1878324220,no,,,,,yes,Ready to Review,Pending,1780,yes,submitted,2026-05-20T18:00:54.730Z,AAMkAGFhMzgwZGJjLTNkNjktNDlhYS1hM2I4LTE3MmI4YTlkNzhmMgBGAAAAAAAUhYVsiS-zQLf1GEtAsll-BwBVKgS5MpITR5VyLl_UBcCwAAAAAAEPAABVKgS5MpITR5VyLl_UBcCwAAVOMsiIAAA=,outlook_email,submitted_but_not_in_portal_export
1878333900,yes,92393,Closed,GPS Control Deviation,2026-05-20 18:18:49,yes,Ready to Review,Pending,1725,yes,submitted,2026-05-20T22:19:16.559Z,92393,freshdesk,matched
1878338140,no,,,,,yes,New,Pending,1626,no,,,,,group_only_never_submitted
1878356100,yes,92271,Closed,GPS Control Deviation,2026-05-20 14:00:30,yes,Ready to Review,Pending,1782,yes,submitted,2026-05-20T18:00:38.261Z,92271,freshdesk,matched
1878356400,no,,,,,yes,Needs Review,Pending,1514,no,,,,,group_only_never_submitted
1878357920,no,,,,,yes,Needs Review,Pending,1515,no,,,,,group_only_never_submitted
1878359170,no,,,,,yes,New,Pending,1698,no,,,,,group_only_never_submitted
1878367610,no,,,,,yes,New,Pending,1536,no,,,,,group_only_never_submitted
1878402230,no,,,,,yes,New,Pending,1554,no,,,,,group_only_never_submitted
1878410560,no,,,,,yes,New,Pending,1697,no,,,,,group_only_never_submitted
1878443030,no,,,,,yes,New,Pending,1642,no,,,,,group_only_never_submitted
1878564810,yes,90454,Closed,GPS Control Deviation,2026-05-14 17:03:06,yes,Ready to Review,Pending,1606,yes,submitted,2026-05-14T21:03:13.646Z,90454,freshdesk,matched
1878590130,no,,,,,yes,New,Pending,1582,no,,,,,group_only_never_submitted
1878593760,no,,,,,yes,New,Pending,1634,no,,,,,group_only_never_submitted
1878602780,no,,,,,yes,New,Pending,1831,no,,,,,group_only_never_submitted
1878611110,no,,,,,yes,New,Pending,1665,no,,,,,group_only_never_submitted
1878616590,no,,,,,yes,New,Pending,1673,no,,,,,group_only_never_submitted
1878623510,no,,,,,yes,New,Pending,1605,no,,,,,group_only_never_submitted
1878631080,no,,,,,yes,Needs Review,Pending,1593,no,,,,,group_only_never_submitted
1878635640,yes,92306,Closed,GPS Control Deviation,2026-05-20 14:11:37,yes,Ready to Review,Pending,1789,yes,submitted,2026-05-20T18:11:44.869Z,92306,freshdesk,matched
1878653020,no,,,,,yes,New,Pending,1595,no,,,,,group_only_never_submitted
1878697980,no,,,,,yes,New,Pending,1572,no,,,,,group_only_never_submitted
1878754920,no,,,,,yes,Needs Review,Pending,1592,no,,,,,group_only_never_submitted
1878773310,no,,,,,yes,Needs Review,Pending,1563,no,,,,,group_only_never_submitted
1878798740,no,,,,,yes,New,Pending,1656,no,,,,,group_only_never_submitted
1878799960,no,,,,,yes,New,Pending,1812,no,,,,,group_only_never_submitted
1878842700,no,,,,,yes,New,Pending,1704,no,,,,,group_only_never_submitted
1878875090,no,,,,,yes,New,Pending,1608,no,,,,,group_only_never_submitted
1878877130,no,,,,,yes,New,Pending,1701,no,,,,,group_only_never_submitted
1878877450,no,,,,,yes,New,Pending,1674,no,,,,,group_only_never_submitted
1878925170,no,,,,,yes,Needs Review,Pending,1586,no,,,,,group_only_never_submitted
1879007420,no,,,,,yes,Denied,Denied,1843,yes,submitted,2026-05-20T22:03:12.856Z,AAMkAGFhMzgwZGJjLTNkNjktNDlhYS1hM2I4LTE3MmI4YTlkNzhmMgBGAAAAAAAUhYVsiS-zQLf1GEtAsll-BwBVKgS5MpITR5VyLl_UBcCwAAAAAAEPAABVKgS5MpITR5VyLl_UBcCwAAVOMsiNAAA=,outlook_email,submitted_but_not_in_portal_export
1879019590,no,,,,,yes,New,Pending,1640,no,,,,,group_only_never_submitted
1879036060,no,,,,,yes,New,Pending,1685,no,,,,,group_only_never_submitted
1879121160,no,,,,,yes,New,Pending,1684,no,,,,,group_only_never_submitted
1879171760,no,,,,,yes,New,Pending,1619,no,,,,,group_only_never_submitted
1879179920,yes,92281,Closed,GPS Control Deviation,2026-05-20 14:04:07,yes,Ready to Review,Pending,1790,yes,submitted,2026-05-20T18:04:14.909Z,92281,freshdesk,matched
1879196680,no,,,,,yes,New,Pending,1895,no,,,,,group_only_never_submitted
1879196720,no,,,,,yes,New,Pending,1687,no,,,,,group_only_never_submitted
1879255750,no,,,,,yes,New,Pending,1896,no,,,,,group_only_never_submitted
1879273930,no,,,,,yes,New,Pending,1639,no,,,,,group_only_never_submitted
1879334870,yes,92411,Closed,GPS Control Deviation,2026-05-20 18:54:14,yes,Ready to Review,Pending,1738,yes,submitted,2026-05-20T22:54:21.740Z,92411,freshdesk,matched
1879361950,no,,,,,yes,New,Pending,1821,no,,,,,group_only_never_submitted
1879364410,no,,,,,yes,New,Pending,1862,no,,,,,group_only_never_submitted
1879369690,no,,,,,yes,New,Pending,1629,no,,,,,group_only_never_submitted
1879388890,no,,,,,yes,New,Pending,1645,no,,,,,group_only_never_submitted
1879393010,no,,,,,yes,New,Pending,1630,no,,,,,group_only_never_submitted
1879393670,no,,,,,no,,,,yes,submitted,2026-05-20T22:27:58.657Z,AAMkAGFhMzgwZGJjLTNkNjktNDlhYS1hM2I4LTE3MmI4YTlkNzhmMgBGAAAAAAAUhYVsiS-zQLf1GEtAsll-BwBVKgS5MpITR5VyLl_UBcCwAAAAAAEPAABVKgS5MpITR5VyLl_UBcCwAAVOMsiTAAA=,outlook_email,submitted_but_not_in_portal_export
1879445110,no,,,,,yes,New,Pending,1632,no,,,,,group_only_never_submitted
1879561300,yes,92155,Closed,GPS Control Deviation,2026-05-20 11:00:08,yes,Ready to Review,Pending,1742,yes,submitted,2026-05-20T15:00:16.169Z,92155,freshdesk,matched
1879608750,no,,,,,yes,New,Pending,1855,no,,,,,group_only_never_submitted
1879638380,no,,,,,yes,New,Pending,1692,no,,,,,group_only_never_submitted
1879647680,no,,,,,yes,New,Pending,1694,no,,,,,group_only_never_submitted
1879648070,no,,,,,yes,Needs Review,Pending,1625,no,,,,,group_only_never_submitted
1879660680,yes,92300,Closed,GPS Control Deviation,2026-05-20 14:09:46,yes,Ready to Review,Pending,1734,yes,submitted,2026-05-20T18:09:53.715Z,92300,freshdesk,matched
1879662350,no,,,,,yes,New,Pending,1842,no,,,,,group_only_never_submitted
1879668380,no,,,,,yes,New,Pending,1721,no,,,,,group_only_never_submitted
1879672180,no,,,,,yes,New,Pending,1676,no,,,,,group_only_never_submitted
1879675770,no,,,,,yes,New,Pending,1892,no,,,,,group_only_never_submitted
1879749890,yes,92432,Closed,GPS Control Deviation,2026-05-20 21:10:26,yes,Ready to Review,Pending,1848,yes,submitted,2026-05-21T01:10:34.596Z,92432,freshdesk,matched
1879796770,no,,,,,yes,New,Pending,1871,no,,,,,group_only_never_submitted
1879819840,no,,,,,yes,New,Pending,1672,no,,,,,group_only_never_submitted
1879926540,yes,92388,Closed,GPS Control Deviation,2026-05-20 18:06:21,yes,Ready to Review,Pending,1729,yes,submitted,2026-05-20T22:07:35.157Z,92388,freshdesk,matched
1879948040,yes,92409,Closed,GPS Control Deviation,2026-05-20 18:53:42,yes,Ready to Review,Pending,1730,yes,submitted,2026-05-20T22:53:49.787Z,92409,freshdesk,matched
1879959750,yes,92293,Closed,GPS Control Deviation,2026-05-20 14:07:55,yes,Ready to Review,Pending,1773,yes,submitted,2026-05-20T18:08:03.114Z,92293,freshdesk,matched
1879974690,no,,,,,yes,Ready to Review,Pending,1791,yes,submitted,2026-05-19T22:01:12.387Z,AAMkAGFhMzgwZGJjLTNkNjktNDlhYS1hM2I4LTE3MmI4YTlkNzhmMgBGAAAAAAAUhYVsiS-zQLf1GEtAsll-BwBVKgS5MpITR5VyLl_UBcCwAAAAAAEPAABVKgS5MpITR5VyLl_UBcCwAAVNCWJJAAA=,outlook_email,submitted_but_not_in_portal_export
1880049170,no,,,,,yes,New,Pending,1666,no,,,,,group_only_never_submitted
1880101220,no,,,,,yes,New,Pending,1716,no,,,,,group_only_never_submitted
1880128960,no,,,,,yes,New,Pending,1712,no,,,,,group_only_never_submitted
1880159050,no,,,,,yes,New,Pending,1696,no,,,,,group_only_never_submitted
1880172730,no,,,,,yes,New,Pending,1834,no,,,,,group_only_never_submitted
1880242060,yes,92157,Closed,GPS Control Deviation,2026-05-20 11:00:51,yes,Ready to Review,Pending,1751,yes,submitted,2026-05-20T15:00:58.772Z,92157,freshdesk,matched
1880259910,no,,,,,yes,New,Pending,1690,no,,,,,group_only_never_submitted
1880312510,no,,,,,yes,New,Pending,1699,no,,,,,group_only_never_submitted
1880313040,no,,,,,yes,New,Pending,1680,no,,,,,group_only_never_submitted
1880337300,no,,,,,yes,Needs Review,Pending,1735,no,,,,,group_only_never_submitted
1880351520,no,,,,,yes,Needs Review,Pending,1737,no,,,,,group_only_never_submitted
1880399560,no,,,,,yes,New,Pending,1637,no,,,,,group_only_never_submitted
1880419160,yes,91962,Closed,GPS Control Deviation,2026-05-19 18:33:39,yes,Ready to Review,Pending,1764,yes,submitted,2026-05-19T22:34:21.333Z,91962,freshdesk,matched
1880425750,no,,,,,yes,New,Pending,1846,no,,,,,group_only_never_submitted
1880429940,no,,,,,yes,New,Pending,1669,no,,,,,group_only_never_submitted
1880449320,no,,,,,yes,New,Pending,1683,no,,,,,group_only_never_submitted
1880462620,no,,,,,yes,New,Pending,1710,no,,,,,group_only_never_submitted
1880499200,yes,92029|92002,Closed|Closed,GPS Control Deviation,2026-05-20 08:00:46,yes,Ready to Review,Pending,1765,yes,submitted|submitted,2026-05-20T12:00:53.897Z,92029|92002,freshdesk|freshdesk,matched
1880588360,no,,,,,yes,New,Pending,1879,no,,,,,group_only_never_submitted
1880597580,no,,,,,yes,Needs Review,Pending,1720,no,,,,,group_only_never_submitted
1880642730,yes,92273,Closed,GPS Control Deviation,2026-05-20 14:01:26,yes,Ready to Review,Pending,1775,yes,submitted,2026-05-20T18:01:33.613Z,92273,freshdesk,matched
1880694800,yes,92182,Closed,GPS Control Deviation,2026-05-20 11:07:27,yes,Ready to Review,Pending,1743,yes,submitted,2026-05-20T15:07:35.203Z,92182,freshdesk,matched
1880730080,no,,,,,yes,New,Pending,1723,no,,,,,group_only_never_submitted
1880751810,no,,,,,yes,New,Pending,1718,no,,,,,group_only_never_submitted
1880769220,yes,92412,Closed,GPS Control Deviation,2026-05-20 18:54:29,yes,Ready to Review,Pending,1849,yes,submitted,2026-05-20T22:54:36.803Z,92412,freshdesk,matched
1880850560,no,,,,,yes,New,Pending,1815,no,,,,,group_only_never_submitted
1880869240,no,,,,,yes,New,Pending,1706,no,,,,,group_only_never_submitted
1880871190,yes,92176,Closed,GPS Control Deviation,2026-05-20 11:05:56,yes,Ready to Review,Pending,1748,yes,submitted,2026-05-20T15:06:04.014Z,92176,freshdesk,matched
1880883990,no,,,,,yes,New,Pending,1722,no,,,,,group_only_never_submitted
1880893060,yes,92289,Closed,GPS Control Deviation,2026-05-20 14:06:21,yes,Ready to Review,Pending,1794,yes,submitted,2026-05-20T18:06:29.949Z,92289,freshdesk,matched
1880935550,no,,,,,yes,New,Pending,1839,no,,,,,group_only_never_submitted
1880937450,no,,,,,yes,New,Pending,1806,no,,,,,group_only_never_submitted
1880970700,yes,92177,Closed,GPS Control Deviation,2026-05-20 11:06:13,yes,Ready to Review,Pending,1747,yes,submitted,2026-05-20T15:06:20.446Z,92177,freshdesk,matched
1880984950,no,,,,,yes,New,Pending,1898,no,,,,,group_only_never_submitted
1880992690,yes,92434|92389,Closed|Closed,GPS Control Deviation,2026-05-20 21:11:02,yes,Ready to Review,Pending,1728,yes,submitted|submitted,2026-05-21T01:11:09.200Z,92434|92389,freshdesk|freshdesk,matched
1881008990,no,,,,,yes,Ready to Review,Pending,1772,yes,submitted,2026-05-20T18:01:41.034Z,AAMkAGFhMzgwZGJjLTNkNjktNDlhYS1hM2I4LTE3MmI4YTlkNzhmMgBGAAAAAAAUhYVsiS-zQLf1GEtAsll-BwBVKgS5MpITR5VyLl_UBcCwAAAAAAEPAABVKgS5MpITR5VyLl_UBcCwAAVOMsiJAAA=,outlook_email,submitted_but_not_in_portal_export
1881017900,yes,92269,Closed,GPS Control Deviation,2026-05-20 14:00:10,yes,Ready to Review,Pending,1783,yes,submitted,2026-05-20T18:00:18.110Z,92269,freshdesk,matched
1881031320,no,,,,,no,,,,yes,submitted,2026-05-20T15:03:43.125Z,AAMkAGFhMzgwZGJjLTNkNjktNDlhYS1hM2I4LTE3MmI4YTlkNzhmMgBGAAAAAAAUhYVsiS-zQLf1GEtAsll-BwBVKgS5MpITR5VyLl_UBcCwAAAAAAEPAABVKgS5MpITR5VyLl_UBcCwAAVOMsiEAAA=,outlook_email,submitted_but_not_in_portal_export
1881052270,no,,,,,yes,Denied,Denied,1778,yes,submitted,2026-05-20T18:07:02.031Z,AAMkAGFhMzgwZGJjLTNkNjktNDlhYS1hM2I4LTE3MmI4YTlkNzhmMgBGAAAAAAAUhYVsiS-zQLf1GEtAsll-BwBVKgS5MpITR5VyLl_UBcCwAAAAAAEPAABVKgS5MpITR5VyLl_UBcCwAAVOMsiKAAA=,outlook_email,submitted_but_not_in_portal_export
1881053200,yes,92168,Closed,GPS Control Deviation,2026-05-20 11:03:53,yes,Ready to Review,Pending,1759,yes,submitted,2026-05-20T15:04:00.182Z,92168,freshdesk,matched
1881062970,no,,,,,yes,New,Pending,1707,no,,,,,group_only_never_submitted
1881073890,yes,91958,Closed,GPS Control Deviation,2026-05-19 18:11:48,yes,Ready to Review,Pending,1768,yes,submitted,2026-05-19T22:12:42.817Z,91958,freshdesk,matched
1881081150,yes,92165,Closed,GPS Control Deviation,2026-05-20 11:03:05,yes,Ready to Review,Pending,1756,yes,submitted,2026-05-20T15:03:12.269Z,92165,freshdesk,matched
1881105220,no,,,,,yes,Needs Review,Pending,1732,no,,,,,group_only_never_submitted
1881138710,yes,92298,Closed,GPS Control Deviation,2026-05-20 14:09:28,yes,Ready to Review,Pending,1736,yes,submitted,2026-05-20T18:09:36.082Z,92298,freshdesk,matched
1881147200,yes,92303,Closed,GPS Control Deviation,2026-05-20 14:10:42,yes,Ready to Review,Pending,1793,yes,submitted,2026-05-20T18:10:50.234Z,92303,freshdesk,matched
1881150240,yes,92406,Closed,GPS Control Deviation,2026-05-20 18:52:52,yes,Ready to Review,Pending,1741,yes,submitted,2026-05-20T22:53:00.020Z,92406,freshdesk,matched
1881150520,yes,92179,Closed,GPS Control Deviation,2026-05-20 11:06:49,yes,Ready to Review,Pending,1745,yes,submitted,2026-05-20T15:06:57.390Z,92179,freshdesk,matched
1881169780,yes,92408,Closed,GPS Control Deviation,2026-05-20 18:53:26,yes,Ready to Review,Pending,1740,yes,submitted,2026-05-20T22:53:33.959Z,92408,freshdesk,matched
1881186720,no,,,,,yes,New,Pending,1872,no,,,,,group_only_never_submitted
1881227820,no,,,,,yes,Ready to Review,Pending,748,no,,,,,group_only_never_submitted
1881233740,no,,,,,yes,Resolved,Approved,744,no,,,,,group_only_never_submitted
1881285110,no,,,,,yes,New,Pending,1863,no,,,,,group_only_never_submitted
1881391340,no,,,,,yes,New,Pending,1859,no,,,,,group_only_never_submitted
1881474820,no,,,,,yes,New,Pending,1833,no,,,,,group_only_never_submitted
1881531780,no,,,,,yes,New,Pending,1829,no,,,,,group_only_never_submitted
1881560730,yes,91961,Closed,GPS Control Deviation,2026-05-19 18:27:30,yes,Ready to Review,Pending,1763,yes,submitted,2026-05-19T22:28:42.710Z,91961,freshdesk,matched
1881568320,no,,,,,yes,New,Pending,1866,no,,,,,group_only_never_submitted
1881580280,no,,,,,yes,New,Pending,1835,no,,,,,group_only_never_submitted
1881633390,yes,92159,Closed,GPS Control Deviation,2026-05-20 11:01:30,yes,Denied,Denied,1753,yes,submitted,2026-05-20T15:01:38.105Z,92159,freshdesk,matched
1881637580,no,,,,,yes,New,Pending,1897,no,,,,,group_only_never_submitted
1881671350,no,,,,,yes,New,Pending,1880,no,,,,,group_only_never_submitted
1881677460,no,,,,,yes,New,Pending,1890,no,,,,,group_only_never_submitted
1881682210,yes,92294,Closed,GPS Control Deviation,2026-05-20 14:08:13,yes,Ready to Review,Pending,1770,yes,submitted,2026-05-20T18:08:20.037Z,92294,freshdesk,matched
1881692060,no,,,,,yes,New,Pending,1845,no,,,,,group_only_never_submitted
1881692540,no,,,,,yes,Needs Review,Pending,1767,no,,,,,group_only_never_submitted
1881701200,no,,,,,yes,New,Pending,1883,no,,,,,group_only_never_submitted
1881705840,no,,,,,yes,Ready to Review,Pending,1766,yes,submitted,2026-05-19T22:13:35.523Z,AAMkAGFhMzgwZGJjLTNkNjktNDlhYS1hM2I4LTE3MmI4YTlkNzhmMgBGAAAAAAAUhYVsiS-zQLf1GEtAsll-BwBVKgS5MpITR5VyLl_UBcCwAAAAAAEPAABVKgS5MpITR5VyLl_UBcCwAAVNCWJKAAA=,outlook_email,submitted_but_not_in_portal_export
1881816710,no,,,,,no,,,,yes,submitted,2026-05-20T22:27:41.157Z,AAMkAGFhMzgwZGJjLTNkNjktNDlhYS1hM2I4LTE3MmI4YTlkNzhmMgBGAAAAAAAUhYVsiS-zQLf1GEtAsll-BwBVKgS5MpITR5VyLl_UBcCwAAAAAAEPAABVKgS5MpITR5VyLl_UBcCwAAVOMsiSAAA=,outlook_email,submitted_but_not_in_portal_export
1881835150,no,,,,,yes,Ready to Review,Pending,992,no,,,,,group_only_never_submitted
1881840140,no,,,,,yes,Resolved,Approved,978,no,,,,,group_only_never_submitted
1881870630,no,,,,,yes,New,Pending,1819,no,,,,,group_only_never_submitted
1881899450,no,,,,,yes,New,Pending,1809,no,,,,,group_only_never_submitted
1881901300,no,,,,,yes,New,Pending,1814,no,,,,,group_only_never_submitted
1881907280,no,,,,,yes,Ready to Review,Pending,1760,no,,,,,group_only_never_submitted
1881914370,no,,,,,yes,Ready to Review,Pending,1758,no,,,,,group_only_never_submitted
1881920760,no,,,,,yes,New,Pending,1818,no,,,,,group_only_never_submitted
1881927550,no,,,,,yes,New,Pending,1882,no,,,,,group_only_never_submitted
1881930500,no,,,,,no,,,,yes,submitted,2026-05-20T22:05:36.017Z,AAMkAGFhMzgwZGJjLTNkNjktNDlhYS1hM2I4LTE3MmI4YTlkNzhmMgBGAAAAAAAUhYVsiS-zQLf1GEtAsll-BwBVKgS5MpITR5VyLl_UBcCwAAAAAAEPAABVKgS5MpITR5VyLl_UBcCwAAVOMsiPAAA=,outlook_email,submitted_but_not_in_portal_export
1881946970,no,,,,,yes,New,Pending,1878,no,,,,,group_only_never_submitted
1881947810,no,,,,,yes,New,Pending,1854,no,,,,,group_only_never_submitted
1881975990,no,,,,,yes,Needs Review,Pending,1777,no,,,,,group_only_never_submitted
1881977070,no,,,,,yes,New,Pending,1826,no,,,,,group_only_never_submitted
1881979790,no,,,,,yes,Ready to Review,Pending,1796,yes,submitted,2026-05-19T22:00:45.926Z,AAMkAGFhMzgwZGJjLTNkNjktNDlhYS1hM2I4LTE3MmI4YTlkNzhmMgBGAAAAAAAUhYVsiS-zQLf1GEtAsll-BwBVKgS5MpITR5VyLl_UBcCwAAAAAAEPAABVKgS5MpITR5VyLl_UBcCwAAVNCWJIAAA=,outlook_email,submitted_but_not_in_portal_export
1881993850,no,,,,,yes,New,Pending,1886,no,,,,,group_only_never_submitted
1882029170,no,,,,,yes,Ready to Review,Pending,1018,no,,,,,group_only_never_submitted
1882044660,no,,,,,yes,Ready to Review,Pending,994,no,,,,,group_only_never_submitted
1882167590,no,,,,,yes,New,Pending,1797,no,,,,,group_only_never_submitted
1882182240,no,,,,,yes,New,Pending,1874,no,,,,,group_only_never_submitted
1882205050,no,,,,,yes,New,Pending,1799,no,,,,,group_only_never_submitted
1882323300,no,,,,,yes,Ready to Review,Pending,1048,no,,,,,group_only_never_submitted
1882328250,no,,,,,yes,Ready to Review,Pending,970,no,,,,,group_only_never_submitted
1882462510,no,,,,,yes,New,Pending,1798,no,,,,,group_only_never_submitted
1882577230,no,,,,,yes,Ready to Review,Pending,1844,no,,,,,group_only_never_submitted
1882578810,no,,,,,yes,Needs Review,Pending,1887,no,,,,,group_only_never_submitted
1882623610,no,,,,,yes,New,Pending,1804,no,,,,,group_only_never_submitted
1882638250,no,,,,,yes,New,Pending,1802,no,,,,,group_only_never_submitted
1882658490,no,,,,,yes,New,Pending,1870,no,,,,,group_only_never_submitted
1882664000,no,,,,,yes,Needs Review,Pending,1805,no,,,,,group_only_never_submitted
1882677480,no,,,,,yes,New,Pending,1899,no,,,,,group_only_never_submitted
1883153900,no,,,,,yes,Ready to Review,Pending,1781,no,,,,,group_only_never_submitted
1883424880,no,,,,,yes,Ready to Review,Pending,1840,no,,,,,group_only_never_submitted
1883427470,no,,,,,yes,Ready to Review,Pending,1832,no,,,,,group_only_never_submitted
1883430780,no,,,,,yes,Ready to Review,Pending,1025,no,,,,,group_only_never_submitted
1883438030,no,,,,,yes,Ready to Review,Pending,1828,no,,,,,group_only_never_submitted
1883444190,no,,,,,yes,Ready to Review,Pending,1836,no,,,,,group_only_never_submitted
1883449070,no,,,,,yes,Ready to Review,Pending,1110,no,,,,,group_only_never_submitted
1883455150,no,,,,,yes,Ready to Review,Pending,1103,no,,,,,group_only_never_submitted
1883462840,no,,,,,yes,Ready to Review,Pending,1094,no,,,,,group_only_never_submitted
1883482230,no,,,,,yes,Ready to Review,Pending,1148,no,,,,,group_only_never_submitted
1883636270,no,,,,,yes,Ready to Review,Pending,1134,no,,,,,group_only_never_submitted
1883647610,no,,,,,yes,Ready to Review,Pending,1196,no,,,,,group_only_never_submitted
TOUR-SAMPLE-INV,no,,,,,yes,Expired,Pending,1231,no,,,,,group_only_never_submitted